batch_size,max_steps,total_time,throughput,avg_batch_latency_ms,neural_time,reasoning_time,avg_actual_steps,max_memory_mb
32,50,36.20266878604889,56.570415073631814,556.9641351699829,8.409066662192345,27.45855186879635,26.107692307692307,1982.08349609375
32,100,60.25350038707256,33.989726519513546,926.9769290318856,8.427312567830086,51.531751938164234,49.66153846153846,1982.0859375
32,500,67.08711078763008,30.527473548281385,1032.1093967327706,8.463400788605213,58.31763015687466,58.12307692307692,1982.0888671875
32,1000,65.349723495543,31.339076746662563,1005.3803614698924,8.491401053965092,56.41305562108755,58.12307692307692,1982.083984375
32,5000,65.14237815886736,31.438827655407305,1002.190433213344,8.46737027168274,56.31866833567619,58.12307692307692,1982.0859375
64,50,34.5269186347723,59.31603748553005,1046.2702616597667,8.021834336221218,26.210707783699036,47.54545454545455,2258.40380859375
64,100,58.987950421869755,34.71895506375663,1787.5136491475682,8.013179779052734,50.661786280572414,95.81818181818181,2258.40576171875
64,500,119.12118393182755,17.19257593319472,3609.7328464190164,8.036789380013943,110.76350913196802,218.45454545454547,2258.40966796875
64,1000,120.5392811819911,16.990312037018988,3652.705490363367,8.039869129657745,112.18687833100557,218.45454545454547,2258.412109375
64,5000,117.6262095272541,17.411085575493924,3564.430591734973,8.057791568338871,109.23414449393749,218.45454545454547,2258.41455078125
128,50,22.70858473330736,90.18615752817642,1335.7991019592566,7.980750314891338,14.474300801753998,49.0,2811.05078125
128,100,36.198571018874645,56.57681898360387,2129.327706992626,7.992214284837246,27.97276796400547,99.0,2811.05126953125
128,500,129.83899780362844,15.773381146221134,7637.588106095791,8.035411439836025,121.51297267526388,455.5882352941176,2811.052734375
128,1000,141.63267984241247,14.45993962889572,8331.334108377205,8.049614034593105,133.2892175912857,493.0,2811.05419921875
128,5000,164.50255540013313,12.449654627057194,9676.620905890184,8.035043075680733,156.11637500673532,493.0,2811.0556640625
256,50,17.614193983376026,116.26986746784254,1957.1326648195584,7.901184260845184,9.490483783185482,49.0,3916.31591796875
256,100,27.08965475857258,75.600815818884,3009.9616398413978,7.907469488680363,18.96579548716545,99.0,3916.54736328125
256,500,99.32899555563927,20.618350045156856,11036.555061737696,7.931319892406464,91.1757376268506,499.0,3916.54736328125
256,1000,189.3177375420928,10.817792493134188,21035.304171343643,7.978335812687874,181.05491403490305,956.0,3916.5478515625
256,5000,192.01202777773142,10.665998498649868,21334.669753081267,7.972476936876774,183.7589576765895,969.1111111111111,3916.5478515625
512,50,13.646640211343765,150.07356889922258,2729.328042268753,7.820531345903873,5.622319363057613,49.0,6109.5712890625
512,100,18.69391407072544,109.5543711312526,3738.782814145088,7.871598936617374,10.59651992470026,99.0,6109.5712890625
512,500,56.7961857393384,36.0587594631642,11359.23714786768,7.876407109200954,48.640270449221134,499.0,6109.5712890625
512,1000,107.26749186962843,19.09245722356512,21453.498373925686,7.802808448672295,99.18963055312634,998.2,6109.5419921875
512,5000,148.75706916302443,13.767412947317316,29751.413832604885,7.814523838460445,140.64615293592215,1440.8,6109.54296875
1024,50,11.249781236052513,182.04798449206396,3749.927078684171,7.8485162332654,3.190712757408619,49.0,10489.3828125
1024,100,14.442981943488121,141.79897253997314,4814.32731449604,7.903557144105434,6.297622419893742,99.0,10489.375
1024,500,34.605618603527546,59.181141174318896,11535.206201175848,7.9063872918486595,26.47286570817232,424.3333333333333,10489.376953125
1024,1000,69.42544881999493,29.499269141349277,23141.816273331642,12.224756315350533,56.94308660924435,757.6666666666666,10489.37939453125
1024,5000,137.56128501147032,14.887909776571446,45853.76167049011,7.8275818303227425,129.4654732197523,1828.6666666666667,10489.37939453125
