rule_name,logit,weight
R_Symm_BA,0.54132485,0.6321206
R_Symm_EE,0.54132485,0.6321206
R_Symm_VV,0.54132485,0.6321206
R_Excl_BA,0.54132485,0.6321206
R_Excl_BE,0.54132485,0.6321206
R_Excl_BV,0.54132485,0.6321206
R_Excl_AE,0.54132485,0.6321206
R_Excl_AV,0.54132485,0.6321206
R_Excl_EV,0.54132485,0.6321206
R_Trans_BB,0.54132485,0.6321206
R_Trans_AA,0.54132485,0.6321206
R_Trans_EE,0.54132485,0.6321206
R_Trans_BE,0.54132485,0.6321206
R_Trans_EB,0.54132485,0.6321206
R_Trans_AE,0.54132485,0.6321206
R_Trans_EA,0.54132485,0.6321206
R_Neg_Trans_BB,0.54132485,0.6321206
