doc_id,e1_id,e2_id,ground_truth,baseline_pred,logic_pred
CNN_20130322_1003,1000,12,VAGUE,EQUAL,AFTER
CNN_20130322_1003,1000,14,AFTER,EQUAL,BEFORE
CNN_20130322_1003,1000,15,VAGUE,EQUAL,BEFORE
CNN_20130322_1003,51,52,VAGUE,EQUAL,AFTER
CNN_20130322_314,1,4,VAGUE,BEFORE,AFTER
CNN_20130322_314,9,12,VAGUE,BEFORE,AFTER
bbc_20130322_1150,7,10,AFTER,EQUAL,BEFORE
bbc_20130322_1353,11,13,VAGUE,BEFORE,AFTER
bbc_20130322_1600,7,10,VAGUE,BEFORE,AFTER
bbc_20130322_332,3,5,VAGUE,BEFORE,AFTER
bbc_20130322_332,30,33,AFTER,EQUAL,BEFORE
nyt_20130321_china_pollution,8,13,VAGUE,AFTER,BEFORE
nyt_20130321_china_pollution,11,15,VAGUE,BEFORE,AFTER
nyt_20130321_china_pollution,15,23,EQUAL,AFTER,BEFORE
nyt_20130321_china_pollution,38,41,VAGUE,AFTER,BEFORE
nyt_20130321_cyprus,2,5,EQUAL,AFTER,BEFORE
nyt_20130321_women_senate,16,17,EQUAL,BEFORE,AFTER
nyt_20130321_women_senate,20,21,VAGUE,BEFORE,AFTER
nyt_20130321_women_senate,36,37,EQUAL,AFTER,BEFORE
nyt_20130321_women_senate,42,47,VAGUE,BEFORE,AFTER
nyt_20130321_women_senate,43,47,VAGUE,BEFORE,AFTER
nyt_20130322_strange_computer,14,23,VAGUE,AFTER,BEFORE
