doc_id,e1_id,e2_id,ground_truth,encoder_prediction,prediction
APW19980227.0489,e2,e3,BEFORE,BEFORE,BEFORE
APW19980227.0489,e2,e4,AFTER,AFTER,AFTER
APW19980227.0489,e3,e4,AFTER,AFTER,AFTER
APW19980227.0489,e2,e5,VAGUE,VAGUE,VAGUE
APW19980227.0489,e2,e6,VAGUE,VAGUE,VAGUE
APW19980227.0489,e2,e7,BEFORE,VAGUE,VAGUE
APW19980227.0489,e2,e8,BEFORE,VAGUE,VAGUE
APW19980227.0489,e2,e9,AFTER,AFTER,AFTER
APW19980227.0489,e3,e5,AFTER,AFTER,AFTER
APW19980227.0489,e3,e6,AFTER,AFTER,AFTER
APW19980227.0489,e3,e7,AFTER,AFTER,AFTER
APW19980227.0489,e3,e8,VAGUE,VAGUE,VAGUE
APW19980227.0489,e3,e9,AFTER,AFTER,AFTER
APW19980227.0489,e4,e5,BEFORE,BEFORE,BEFORE
APW19980227.0489,e4,e6,BEFORE,BEFORE,BEFORE
APW19980227.0489,e4,e7,BEFORE,BEFORE,BEFORE
APW19980227.0489,e4,e8,BEFORE,BEFORE,BEFORE
APW19980227.0489,e4,e9,AFTER,BEFORE,BEFORE
APW19980227.0489,e5,e6,INCLUDES,INCLUDES,INCLUDES
APW19980227.0489,e5,e7,BEFORE,BEFORE,BEFORE
APW19980227.0489,e5,e8,BEFORE,BEFORE,BEFORE
APW19980227.0489,e5,e9,AFTER,AFTER,AFTER
APW19980227.0489,e6,e7,BEFORE,BEFORE,BEFORE
APW19980227.0489,e6,e8,BEFORE,BEFORE,BEFORE
APW19980227.0489,e6,e9,AFTER,AFTER,AFTER
APW19980227.0489,e7,e8,BEFORE,BEFORE,BEFORE
APW19980227.0489,e7,e9,AFTER,AFTER,AFTER
APW19980227.0489,e8,e9,AFTER,AFTER,AFTER
APW19980227.0489,e5,e10,AFTER,VAGUE,VAGUE
APW19980227.0489,e5,e11,AFTER,INCLUDES,INCLUDES
APW19980227.0489,e5,e12,AFTER,VAGUE,VAGUE
APW19980227.0489,e5,e14,AFTER,VAGUE,VAGUE
APW19980227.0489,e5,e15,AFTER,VAGUE,VAGUE
APW19980227.0489,e5,e16,VAGUE,BEFORE,BEFORE
APW19980227.0489,e6,e10,AFTER,VAGUE,VAGUE
APW19980227.0489,e6,e11,AFTER,VAGUE,VAGUE
APW19980227.0489,e6,e12,AFTER,VAGUE,VAGUE
APW19980227.0489,e6,e14,AFTER,VAGUE,VAGUE
APW19980227.0489,e6,e15,AFTER,VAGUE,VAGUE
APW19980227.0489,e6,e16,VAGUE,BEFORE,BEFORE
APW19980227.0489,e7,e10,AFTER,VAGUE,VAGUE
APW19980227.0489,e7,e11,AFTER,VAGUE,VAGUE
APW19980227.0489,e7,e12,AFTER,VAGUE,VAGUE
APW19980227.0489,e7,e14,AFTER,VAGUE,VAGUE
APW19980227.0489,e7,e15,AFTER,VAGUE,VAGUE
APW19980227.0489,e7,e16,VAGUE,BEFORE,BEFORE
APW19980227.0489,e8,e10,AFTER,AFTER,AFTER
APW19980227.0489,e8,e11,AFTER,AFTER,AFTER
APW19980227.0489,e8,e12,AFTER,VAGUE,VAGUE
APW19980227.0489,e8,e14,AFTER,AFTER,AFTER
APW19980227.0489,e8,e15,AFTER,VAGUE,VAGUE
APW19980227.0489,e8,e16,VAGUE,VAGUE,VAGUE
APW19980227.0489,e9,e10,SIMULTANEOUS,BEFORE,BEFORE
APW19980227.0489,e9,e11,VAGUE,BEFORE,BEFORE
APW19980227.0489,e9,e12,BEFORE,BEFORE,BEFORE
APW19980227.0489,e9,e14,BEFORE,BEFORE,BEFORE
APW19980227.0489,e9,e15,VAGUE,VAGUE,VAGUE
APW19980227.0489,e9,e16,VAGUE,BEFORE,BEFORE
APW19980227.0489,e10,e11,VAGUE,VAGUE,VAGUE
APW19980227.0489,e10,e12,BEFORE,VAGUE,VAGUE
APW19980227.0489,e10,e14,BEFORE,BEFORE,BEFORE
APW19980227.0489,e10,e15,VAGUE,VAGUE,VAGUE
APW19980227.0489,e10,e16,VAGUE,BEFORE,BEFORE
APW19980227.0489,e11,e12,VAGUE,VAGUE,VAGUE
APW19980227.0489,e11,e14,BEFORE,VAGUE,VAGUE
APW19980227.0489,e11,e15,IS_INCLUDED,VAGUE,VAGUE
APW19980227.0489,e11,e16,BEFORE,BEFORE,BEFORE
APW19980227.0489,e12,e14,INCLUDES,VAGUE,VAGUE
APW19980227.0489,e12,e15,VAGUE,VAGUE,VAGUE
APW19980227.0489,e12,e16,VAGUE,BEFORE,BEFORE
APW19980227.0489,e14,e15,IS_INCLUDED,VAGUE,VAGUE
APW19980227.0489,e14,e16,BEFORE,BEFORE,BEFORE
APW19980227.0489,e15,e16,VAGUE,BEFORE,BEFORE
APW19980227.0489,e10,e17,VAGUE,BEFORE,BEFORE
APW19980227.0489,e10,e18,VAGUE,IS_INCLUDED,IS_INCLUDED
APW19980227.0489,e11,e17,VAGUE,VAGUE,VAGUE
APW19980227.0489,e11,e18,VAGUE,IS_INCLUDED,IS_INCLUDED
APW19980227.0489,e12,e17,VAGUE,VAGUE,VAGUE
APW19980227.0489,e12,e18,VAGUE,IS_INCLUDED,IS_INCLUDED
APW19980227.0489,e14,e17,VAGUE,VAGUE,VAGUE
APW19980227.0489,e14,e18,VAGUE,VAGUE,VAGUE
APW19980227.0489,e15,e17,VAGUE,VAGUE,VAGUE
APW19980227.0489,e15,e18,VAGUE,VAGUE,VAGUE
APW19980227.0489,e16,e17,AFTER,VAGUE,VAGUE
APW19980227.0489,e16,e18,VAGUE,VAGUE,VAGUE
APW19980227.0489,e17,e18,VAGUE,IS_INCLUDED,IS_INCLUDED
APW19980227.0489,e17,e19,BEFORE,VAGUE,VAGUE
APW19980227.0489,e17,e20,VAGUE,VAGUE,VAGUE
APW19980227.0489,e17,e22,VAGUE,VAGUE,VAGUE
APW19980227.0489,e18,e19,VAGUE,BEFORE,BEFORE
APW19980227.0489,e18,e20,VAGUE,BEFORE,BEFORE
APW19980227.0489,e18,e22,VAGUE,VAGUE,VAGUE
APW19980227.0489,e19,e20,AFTER,AFTER,AFTER
APW19980227.0489,e19,e22,AFTER,AFTER,AFTER
APW19980227.0489,e20,e22,BEFORE,VAGUE,VAGUE
APW19980227.0489,e19,e24,IS_INCLUDED,VAGUE,VAGUE
APW19980227.0489,e19,e25,VAGUE,VAGUE,VAGUE
APW19980227.0489,e19,e27,AFTER,AFTER,AFTER
APW19980227.0489,e19,e29,AFTER,AFTER,AFTER
APW19980227.0489,e19,e30,AFTER,VAGUE,VAGUE
APW19980227.0489,e20,e24,BEFORE,BEFORE,BEFORE
APW19980227.0489,e20,e25,BEFORE,BEFORE,BEFORE
APW19980227.0489,e20,e27,VAGUE,VAGUE,VAGUE
APW19980227.0489,e20,e29,VAGUE,VAGUE,VAGUE
APW19980227.0489,e20,e30,BEFORE,VAGUE,VAGUE
APW19980227.0489,e22,e24,BEFORE,BEFORE,BEFORE
APW19980227.0489,e22,e25,BEFORE,BEFORE,BEFORE
APW19980227.0489,e22,e27,VAGUE,VAGUE,VAGUE
APW19980227.0489,e22,e29,VAGUE,VAGUE,VAGUE
APW19980227.0489,e22,e30,BEFORE,BEFORE,BEFORE
APW19980227.0489,e24,e25,INCLUDES,VAGUE,VAGUE
APW19980227.0489,e24,e27,AFTER,AFTER,AFTER
APW19980227.0489,e24,e29,AFTER,AFTER,AFTER
APW19980227.0489,e24,e30,AFTER,AFTER,AFTER
APW19980227.0489,e25,e27,AFTER,AFTER,AFTER
APW19980227.0489,e25,e29,AFTER,AFTER,AFTER
APW19980227.0489,e25,e30,AFTER,AFTER,AFTER
APW19980227.0489,e27,e29,SIMULTANEOUS,SIMULTANEOUS,SIMULTANEOUS
APW19980227.0489,e27,e30,BEFORE,BEFORE,BEFORE
APW19980227.0489,e29,e30,BEFORE,BEFORE,BEFORE
APW19980227.0489,e24,e31,VAGUE,VAGUE,VAGUE
APW19980227.0489,e24,e32,INCLUDES,VAGUE,VAGUE
APW19980227.0489,e24,e33,SIMULTANEOUS,VAGUE,VAGUE
APW19980227.0489,e24,e34,AFTER,AFTER,AFTER
APW19980227.0489,e25,e31,IS_INCLUDED,VAGUE,VAGUE
APW19980227.0489,e25,e32,VAGUE,VAGUE,VAGUE
APW19980227.0489,e25,e33,IS_INCLUDED,VAGUE,VAGUE
APW19980227.0489,e25,e34,AFTER,AFTER,AFTER
APW19980227.0489,e27,e31,BEFORE,BEFORE,BEFORE
APW19980227.0489,e27,e32,BEFORE,BEFORE,BEFORE
APW19980227.0489,e27,e33,BEFORE,BEFORE,BEFORE
APW19980227.0489,e27,e34,BEFORE,BEFORE,BEFORE
APW19980227.0489,e29,e31,BEFORE,BEFORE,BEFORE
APW19980227.0489,e29,e32,BEFORE,BEFORE,BEFORE
APW19980227.0489,e29,e33,BEFORE,BEFORE,BEFORE
APW19980227.0489,e29,e34,BEFORE,BEFORE,BEFORE
APW19980227.0489,e30,e31,BEFORE,BEFORE,BEFORE
APW19980227.0489,e30,e32,BEFORE,BEFORE,BEFORE
APW19980227.0489,e30,e33,BEFORE,BEFORE,BEFORE
APW19980227.0489,e30,e34,VAGUE,VAGUE,VAGUE
APW19980227.0489,e31,e32,INCLUDES,BEFORE,BEFORE
APW19980227.0489,e31,e33,VAGUE,BEFORE,BEFORE
APW19980227.0489,e31,e34,AFTER,AFTER,AFTER
APW19980227.0489,e32,e33,IS_INCLUDED,AFTER,AFTER
APW19980227.0489,e32,e34,AFTER,AFTER,AFTER
APW19980227.0489,e33,e34,AFTER,AFTER,AFTER
APW19980227.0489,e31,e35,VAGUE,BEFORE,BEFORE
APW19980227.0489,e32,e35,VAGUE,BEFORE,BEFORE
APW19980227.0489,e33,e35,VAGUE,VAGUE,VAGUE
APW19980227.0489,e34,e35,BEFORE,BEFORE,BEFORE
APW19980227.0494,e1,e2,VAGUE,BEFORE,BEFORE
APW19980227.0494,e1,e3,VAGUE,SIMULTANEOUS,SIMULTANEOUS
APW19980227.0494,e2,e3,AFTER,AFTER,AFTER
APW19980227.0494,e1,e4,AFTER,AFTER,AFTER
APW19980227.0494,e2,e4,AFTER,AFTER,AFTER
APW19980227.0494,e3,e4,AFTER,AFTER,AFTER
APW19980227.0494,e4,e8,BEFORE,VAGUE,VAGUE
APW19980227.0494,e4,e10,BEFORE,VAGUE,VAGUE
APW19980227.0494,e4,e11,BEFORE,VAGUE,VAGUE
APW19980227.0494,e8,e10,BEFORE,VAGUE,VAGUE
APW19980227.0494,e8,e11,BEFORE,VAGUE,VAGUE
APW19980227.0494,e10,e11,SIMULTANEOUS,VAGUE,VAGUE
APW19980227.0494,e8,e12,BEFORE,BEFORE,BEFORE
APW19980227.0494,e8,e15,BEFORE,BEFORE,BEFORE
APW19980227.0494,e8,e16,BEFORE,BEFORE,BEFORE
APW19980227.0494,e8,e17,BEFORE,BEFORE,BEFORE
APW19980227.0494,e8,e18,BEFORE,BEFORE,BEFORE
APW19980227.0494,e10,e12,INCLUDES,VAGUE,VAGUE
APW19980227.0494,e10,e15,INCLUDES,VAGUE,VAGUE
APW19980227.0494,e10,e16,VAGUE,VAGUE,VAGUE
APW19980227.0494,e10,e17,INCLUDES,VAGUE,VAGUE
APW19980227.0494,e10,e18,INCLUDES,VAGUE,VAGUE
APW19980227.0494,e11,e12,INCLUDES,VAGUE,VAGUE
APW19980227.0494,e11,e15,INCLUDES,VAGUE,VAGUE
APW19980227.0494,e11,e16,VAGUE,VAGUE,VAGUE
APW19980227.0494,e11,e17,INCLUDES,VAGUE,VAGUE
APW19980227.0494,e11,e18,INCLUDES,VAGUE,VAGUE
APW19980227.0494,e12,e15,VAGUE,VAGUE,VAGUE
APW19980227.0494,e12,e16,BEFORE,BEFORE,BEFORE
APW19980227.0494,e12,e17,BEFORE,VAGUE,VAGUE
APW19980227.0494,e12,e18,BEFORE,VAGUE,VAGUE
APW19980227.0494,e15,e16,BEFORE,BEFORE,BEFORE
APW19980227.0494,e15,e17,BEFORE,VAGUE,VAGUE
APW19980227.0494,e15,e18,BEFORE,VAGUE,VAGUE
APW19980227.0494,e16,e17,AFTER,AFTER,AFTER
APW19980227.0494,e16,e18,AFTER,AFTER,AFTER
APW19980227.0494,e17,e18,VAGUE,VAGUE,VAGUE
APW19980227.0494,e12,e20,BEFORE,VAGUE,VAGUE
APW19980227.0494,e15,e20,BEFORE,VAGUE,VAGUE
APW19980227.0494,e16,e20,AFTER,AFTER,AFTER
APW19980227.0494,e17,e20,VAGUE,VAGUE,VAGUE
APW19980227.0494,e18,e20,VAGUE,VAGUE,VAGUE
APW19980227.0494,e20,e22,AFTER,VAGUE,VAGUE
APW19980227.0494,e22,e28,VAGUE,VAGUE,VAGUE
APW19980227.0494,e22,e29,VAGUE,VAGUE,VAGUE
APW19980227.0494,e28,e29,VAGUE,INCLUDES,INCLUDES
APW19980227.0494,e28,e32,VAGUE,BEFORE,BEFORE
APW19980227.0494,e28,e34,VAGUE,BEFORE,BEFORE
APW19980227.0494,e29,e32,AFTER,VAGUE,VAGUE
APW19980227.0494,e29,e34,VAGUE,VAGUE,VAGUE
APW19980227.0494,e32,e34,VAGUE,BEFORE,BEFORE
APW19980227.0494,e32,e37,VAGUE,VAGUE,VAGUE
APW19980227.0494,e32,e41,VAGUE,AFTER,AFTER
APW19980227.0494,e34,e37,VAGUE,VAGUE,VAGUE
APW19980227.0494,e34,e41,AFTER,AFTER,AFTER
APW19980227.0494,e37,e41,VAGUE,AFTER,AFTER
APW19980227.0494,e37,e43,VAGUE,VAGUE,VAGUE
APW19980227.0494,e41,e43,BEFORE,BEFORE,BEFORE
APW19980227.0494,e43,e44,VAGUE,VAGUE,VAGUE
APW19980227.0494,e43,e45,BEFORE,VAGUE,VAGUE
APW19980227.0494,e43,e46,VAGUE,VAGUE,VAGUE
APW19980227.0494,e43,e48,BEFORE,VAGUE,VAGUE
APW19980227.0494,e43,e50,BEFORE,BEFORE,BEFORE
APW19980227.0494,e43,e53,BEFORE,BEFORE,BEFORE
APW19980227.0494,e44,e45,BEFORE,BEFORE,BEFORE
APW19980227.0494,e44,e46,VAGUE,VAGUE,VAGUE
APW19980227.0494,e44,e48,BEFORE,VAGUE,VAGUE
APW19980227.0494,e44,e50,BEFORE,BEFORE,BEFORE
APW19980227.0494,e44,e53,BEFORE,BEFORE,BEFORE
APW19980227.0494,e45,e46,AFTER,VAGUE,VAGUE
APW19980227.0494,e45,e48,AFTER,VAGUE,VAGUE
APW19980227.0494,e45,e50,AFTER,VAGUE,VAGUE
APW19980227.0494,e45,e53,VAGUE,VAGUE,VAGUE
APW19980227.0494,e46,e48,BEFORE,BEFORE,BEFORE
APW19980227.0494,e46,e50,BEFORE,BEFORE,BEFORE
APW19980227.0494,e46,e53,BEFORE,BEFORE,BEFORE
APW19980227.0494,e48,e50,VAGUE,VAGUE,VAGUE
APW19980227.0494,e48,e53,VAGUE,VAGUE,VAGUE
APW19980227.0494,e50,e53,BEFORE,BEFORE,BEFORE
APW19980227.0494,e44,e55,VAGUE,VAGUE,VAGUE
APW19980227.0494,e44,e56,VAGUE,VAGUE,VAGUE
APW19980227.0494,e44,e58,VAGUE,VAGUE,VAGUE
APW19980227.0494,e44,e59,BEFORE,BEFORE,BEFORE
APW19980227.0494,e44,e61,VAGUE,VAGUE,VAGUE
APW19980227.0494,e44,e62,BEFORE,BEFORE,BEFORE
APW19980227.0494,e44,e64,BEFORE,BEFORE,BEFORE
APW19980227.0494,e45,e55,AFTER,VAGUE,VAGUE
APW19980227.0494,e45,e56,AFTER,AFTER,AFTER
APW19980227.0494,e45,e58,AFTER,VAGUE,VAGUE
APW19980227.0494,e45,e59,SIMULTANEOUS,VAGUE,VAGUE
APW19980227.0494,e45,e61,AFTER,VAGUE,VAGUE
APW19980227.0494,e45,e62,VAGUE,VAGUE,VAGUE
APW19980227.0494,e45,e64,BEFORE,VAGUE,VAGUE
APW19980227.0494,e46,e55,VAGUE,VAGUE,VAGUE
APW19980227.0494,e46,e56,VAGUE,VAGUE,VAGUE
APW19980227.0494,e46,e58,VAGUE,VAGUE,VAGUE
APW19980227.0494,e46,e59,BEFORE,BEFORE,BEFORE
APW19980227.0494,e46,e61,VAGUE,VAGUE,VAGUE
APW19980227.0494,e46,e62,BEFORE,VAGUE,VAGUE
APW19980227.0494,e46,e64,BEFORE,VAGUE,VAGUE
APW19980227.0494,e48,e55,AFTER,VAGUE,VAGUE
APW19980227.0494,e48,e56,AFTER,AFTER,AFTER
APW19980227.0494,e48,e58,AFTER,VAGUE,VAGUE
APW19980227.0494,e48,e59,BEFORE,VAGUE,VAGUE
APW19980227.0494,e48,e61,AFTER,VAGUE,VAGUE
APW19980227.0494,e48,e62,BEFORE,VAGUE,VAGUE
APW19980227.0494,e48,e64,BEFORE,VAGUE,VAGUE
APW19980227.0494,e50,e55,AFTER,AFTER,AFTER
APW19980227.0494,e50,e56,AFTER,AFTER,AFTER
APW19980227.0494,e50,e58,AFTER,AFTER,AFTER
APW19980227.0494,e50,e59,BEFORE,VAGUE,VAGUE
APW19980227.0494,e50,e61,AFTER,AFTER,AFTER
APW19980227.0494,e50,e62,BEFORE,VAGUE,VAGUE
APW19980227.0494,e50,e64,BEFORE,VAGUE,VAGUE
APW19980227.0494,e53,e55,AFTER,AFTER,AFTER
APW19980227.0494,e53,e56,AFTER,AFTER,AFTER
APW19980227.0494,e53,e58,AFTER,AFTER,AFTER
APW19980227.0494,e53,e59,VAGUE,VAGUE,VAGUE
APW19980227.0494,e53,e61,AFTER,VAGUE,VAGUE
APW19980227.0494,e53,e62,VAGUE,VAGUE,VAGUE
APW19980227.0494,e53,e64,VAGUE,VAGUE,VAGUE
APW19980227.0494,e55,e56,AFTER,AFTER,AFTER
APW19980227.0494,e55,e58,INCLUDES,VAGUE,VAGUE
APW19980227.0494,e55,e59,BEFORE,BEFORE,BEFORE
APW19980227.0494,e55,e61,INCLUDES,BEFORE,BEFORE
APW19980227.0494,e55,e62,BEFORE,BEFORE,BEFORE
APW19980227.0494,e55,e64,BEFORE,BEFORE,BEFORE
APW19980227.0494,e56,e58,BEFORE,BEFORE,BEFORE
APW19980227.0494,e56,e59,BEFORE,BEFORE,BEFORE
APW19980227.0494,e56,e61,BEFORE,BEFORE,BEFORE
APW19980227.0494,e56,e62,BEFORE,BEFORE,BEFORE
APW19980227.0494,e56,e64,BEFORE,BEFORE,BEFORE
APW19980227.0494,e58,e59,BEFORE,BEFORE,BEFORE
APW19980227.0494,e58,e61,VAGUE,VAGUE,VAGUE
APW19980227.0494,e58,e62,BEFORE,BEFORE,BEFORE
APW19980227.0494,e58,e64,BEFORE,BEFORE,BEFORE
APW19980227.0494,e59,e61,AFTER,AFTER,AFTER
APW19980227.0494,e59,e62,VAGUE,BEFORE,BEFORE
APW19980227.0494,e59,e64,BEFORE,VAGUE,VAGUE
APW19980227.0494,e61,e62,BEFORE,BEFORE,BEFORE
APW19980227.0494,e61,e64,BEFORE,BEFORE,BEFORE
APW19980227.0494,e62,e64,VAGUE,VAGUE,VAGUE
APW19980227.0494,e55,e65,VAGUE,BEFORE,BEFORE
APW19980227.0494,e55,e66,BEFORE,BEFORE,BEFORE
APW19980227.0494,e55,e69,VAGUE,BEFORE,BEFORE
APW19980227.0494,e55,e156,VAGUE,BEFORE,BEFORE
APW19980227.0494,e56,e65,INCLUDES,BEFORE,BEFORE
APW19980227.0494,e56,e66,BEFORE,BEFORE,BEFORE
APW19980227.0494,e56,e69,VAGUE,BEFORE,BEFORE
APW19980227.0494,e56,e156,VAGUE,BEFORE,BEFORE
APW19980227.0494,e58,e65,AFTER,BEFORE,BEFORE
APW19980227.0494,e58,e66,BEFORE,BEFORE,BEFORE
APW19980227.0494,e58,e69,VAGUE,BEFORE,BEFORE
APW19980227.0494,e58,e156,VAGUE,BEFORE,BEFORE
APW19980227.0494,e59,e65,AFTER,AFTER,AFTER
APW19980227.0494,e59,e66,VAGUE,VAGUE,VAGUE
APW19980227.0494,e59,e69,AFTER,AFTER,AFTER
APW19980227.0494,e59,e156,AFTER,VAGUE,VAGUE
APW19980227.0494,e61,e65,AFTER,VAGUE,VAGUE
APW19980227.0494,e61,e66,BEFORE,BEFORE,BEFORE
APW19980227.0494,e61,e69,VAGUE,BEFORE,BEFORE
APW19980227.0494,e61,e156,VAGUE,BEFORE,BEFORE
APW19980227.0494,e62,e65,AFTER,AFTER,AFTER
APW19980227.0494,e62,e66,VAGUE,VAGUE,VAGUE
APW19980227.0494,e62,e69,AFTER,AFTER,AFTER
APW19980227.0494,e62,e156,AFTER,VAGUE,VAGUE
APW19980227.0494,e64,e65,AFTER,AFTER,AFTER
APW19980227.0494,e64,e66,VAGUE,VAGUE,VAGUE
APW19980227.0494,e64,e69,AFTER,AFTER,AFTER
APW19980227.0494,e64,e156,AFTER,VAGUE,VAGUE
APW19980227.0494,e65,e66,BEFORE,BEFORE,BEFORE
APW19980227.0494,e65,e69,BEFORE,BEFORE,BEFORE
APW19980227.0494,e65,e156,BEFORE,BEFORE,BEFORE
APW19980227.0494,e66,e69,AFTER,VAGUE,VAGUE
APW19980227.0494,e66,e156,AFTER,VAGUE,VAGUE
APW19980227.0494,e69,e156,BEFORE,VAGUE,VAGUE
APW19980227.0494,e65,e71,VAGUE,VAGUE,VAGUE
APW19980227.0494,e65,e72,VAGUE,BEFORE,BEFORE
APW19980227.0494,e66,e71,AFTER,VAGUE,VAGUE
APW19980227.0494,e66,e72,VAGUE,VAGUE,VAGUE
APW19980227.0494,e69,e71,VAGUE,AFTER,AFTER
APW19980227.0494,e69,e72,VAGUE,VAGUE,VAGUE
APW19980227.0494,e156,e71,VAGUE,AFTER,AFTER
APW19980227.0494,e156,e72,VAGUE,VAGUE,VAGUE
APW19980227.0494,e71,e72,VAGUE,BEFORE,BEFORE
APW19980227.0494,e71,e74,VAGUE,VAGUE,VAGUE
APW19980227.0494,e71,e75,VAGUE,VAGUE,VAGUE
APW19980227.0494,e71,e77,VAGUE,VAGUE,VAGUE
APW19980227.0494,e72,e74,VAGUE,VAGUE,VAGUE
APW19980227.0494,e72,e75,VAGUE,VAGUE,VAGUE
APW19980227.0494,e72,e77,VAGUE,VAGUE,VAGUE
APW19980227.0494,e74,e75,AFTER,AFTER,AFTER
APW19980227.0494,e74,e77,BEFORE,BEFORE,BEFORE
APW19980227.0494,e75,e77,BEFORE,BEFORE,BEFORE
APW19980227.0494,e74,e82,AFTER,VAGUE,VAGUE
APW19980227.0494,e74,e83,AFTER,VAGUE,VAGUE
APW19980227.0494,e74,e84,AFTER,VAGUE,VAGUE
APW19980227.0494,e75,e82,AFTER,VAGUE,VAGUE
APW19980227.0494,e75,e83,AFTER,VAGUE,VAGUE
APW19980227.0494,e75,e84,AFTER,VAGUE,VAGUE
APW19980227.0494,e77,e82,AFTER,VAGUE,VAGUE
APW19980227.0494,e77,e83,AFTER,VAGUE,VAGUE
APW19980227.0494,e77,e84,AFTER,VAGUE,VAGUE
APW19980227.0494,e82,e83,AFTER,IS_INCLUDED,IS_INCLUDED
APW19980227.0494,e82,e84,AFTER,IS_INCLUDED,IS_INCLUDED
APW19980227.0494,e83,e84,SIMULTANEOUS,BEFORE,BEFORE
APW19980227.0494,e82,e86,VAGUE,VAGUE,VAGUE
APW19980227.0494,e82,e87,VAGUE,BEFORE,BEFORE
APW19980227.0494,e83,e86,VAGUE,VAGUE,VAGUE
APW19980227.0494,e83,e87,VAGUE,BEFORE,BEFORE
APW19980227.0494,e84,e86,VAGUE,VAGUE,VAGUE
APW19980227.0494,e84,e87,VAGUE,VAGUE,VAGUE
APW19980227.0494,e86,e87,IS_INCLUDED,BEFORE,BEFORE
APW19980227.0494,e86,e89,VAGUE,VAGUE,VAGUE
APW19980227.0494,e86,e90,VAGUE,BEFORE,BEFORE
APW19980227.0494,e87,e89,INCLUDES,AFTER,AFTER
APW19980227.0494,e87,e90,VAGUE,VAGUE,VAGUE
APW19980227.0494,e89,e90,BEFORE,AFTER,AFTER
APW19980227.0494,e89,e92,AFTER,VAGUE,VAGUE
APW19980227.0494,e89,e93,VAGUE,IS_INCLUDED,IS_INCLUDED
APW19980227.0494,e90,e92,AFTER,VAGUE,VAGUE
APW19980227.0494,e90,e93,AFTER,IS_INCLUDED,IS_INCLUDED
APW19980227.0494,e92,e93,IS_INCLUDED,IS_INCLUDED,IS_INCLUDED
APW19980227.0494,e92,e98,BEFORE,VAGUE,VAGUE
APW19980227.0494,e92,e158,BEFORE,VAGUE,VAGUE
APW19980227.0494,e92,e99,BEFORE,VAGUE,VAGUE
APW19980227.0494,e92,e101,BEFORE,VAGUE,VAGUE
APW19980227.0494,e92,e102,VAGUE,VAGUE,VAGUE
APW19980227.0494,e93,e98,BEFORE,VAGUE,VAGUE
APW19980227.0494,e93,e158,BEFORE,VAGUE,VAGUE
APW19980227.0494,e93,e99,BEFORE,VAGUE,VAGUE
APW19980227.0494,e93,e101,BEFORE,VAGUE,VAGUE
APW19980227.0494,e93,e102,VAGUE,VAGUE,VAGUE
APW19980227.0494,e98,e158,INCLUDES,SIMULTANEOUS,SIMULTANEOUS
APW19980227.0494,e98,e99,BEFORE,VAGUE,VAGUE
APW19980227.0494,e98,e101,BEFORE,BEFORE,BEFORE
APW19980227.0494,e98,e102,AFTER,SIMULTANEOUS,SIMULTANEOUS
APW19980227.0494,e158,e99,BEFORE,SIMULTANEOUS,SIMULTANEOUS
APW19980227.0494,e158,e101,BEFORE,BEFORE,BEFORE
APW19980227.0494,e158,e102,AFTER,SIMULTANEOUS,SIMULTANEOUS
APW19980227.0494,e99,e101,BEFORE,BEFORE,BEFORE
APW19980227.0494,e99,e102,AFTER,AFTER,AFTER
APW19980227.0494,e101,e102,AFTER,AFTER,AFTER
APW19980227.0494,e98,e105,INCLUDES,BEFORE,BEFORE
APW19980227.0494,e98,e106,VAGUE,VAGUE,VAGUE
APW19980227.0494,e98,e107,BEFORE,BEFORE,BEFORE
APW19980227.0494,e158,e105,SIMULTANEOUS,BEFORE,BEFORE
APW19980227.0494,e158,e106,VAGUE,VAGUE,VAGUE
APW19980227.0494,e158,e107,BEFORE,BEFORE,BEFORE
APW19980227.0494,e99,e105,AFTER,VAGUE,VAGUE
APW19980227.0494,e99,e106,VAGUE,VAGUE,VAGUE
APW19980227.0494,e99,e107,VAGUE,BEFORE,BEFORE
APW19980227.0494,e101,e105,AFTER,AFTER,AFTER
APW19980227.0494,e101,e106,AFTER,VAGUE,VAGUE
APW19980227.0494,e101,e107,VAGUE,VAGUE,VAGUE
APW19980227.0494,e102,e105,BEFORE,VAGUE,VAGUE
APW19980227.0494,e102,e106,BEFORE,VAGUE,VAGUE
APW19980227.0494,e102,e107,BEFORE,BEFORE,BEFORE
APW19980227.0494,e105,e106,VAGUE,VAGUE,VAGUE
APW19980227.0494,e105,e107,BEFORE,BEFORE,BEFORE
APW19980227.0494,e106,e107,BEFORE,BEFORE,BEFORE
APW19980227.0494,e105,e111,BEFORE,BEFORE,BEFORE
APW19980227.0494,e105,e112,BEFORE,BEFORE,BEFORE
APW19980227.0494,e106,e111,BEFORE,VAGUE,VAGUE
APW19980227.0494,e106,e112,VAGUE,VAGUE,VAGUE
APW19980227.0494,e107,e111,VAGUE,VAGUE,VAGUE
APW19980227.0494,e107,e112,AFTER,AFTER,AFTER
APW19980227.0494,e111,e112,AFTER,VAGUE,VAGUE
APW19980227.0494,e111,e113,VAGUE,VAGUE,VAGUE
APW19980227.0494,e111,e114,VAGUE,VAGUE,VAGUE
APW19980227.0494,e111,e116,VAGUE,VAGUE,VAGUE
APW19980227.0494,e111,e118,AFTER,VAGUE,VAGUE
APW19980227.0494,e111,e119,AFTER,AFTER,AFTER
APW19980227.0494,e112,e113,VAGUE,VAGUE,VAGUE
APW19980227.0494,e112,e114,BEFORE,VAGUE,VAGUE
APW19980227.0494,e112,e116,BEFORE,VAGUE,VAGUE
APW19980227.0494,e112,e118,AFTER,VAGUE,VAGUE
APW19980227.0494,e112,e119,AFTER,AFTER,AFTER
APW19980227.0494,e113,e114,BEFORE,BEFORE,BEFORE
APW19980227.0494,e113,e116,BEFORE,BEFORE,BEFORE
APW19980227.0494,e113,e118,AFTER,VAGUE,VAGUE
APW19980227.0494,e113,e119,AFTER,AFTER,AFTER
APW19980227.0494,e114,e116,VAGUE,VAGUE,VAGUE
APW19980227.0494,e114,e118,AFTER,VAGUE,VAGUE
APW19980227.0494,e114,e119,AFTER,AFTER,AFTER
APW19980227.0494,e116,e118,AFTER,AFTER,AFTER
APW19980227.0494,e116,e119,AFTER,AFTER,AFTER
APW19980227.0494,e118,e119,VAGUE,VAGUE,VAGUE
APW19980227.0494,e113,e121,VAGUE,VAGUE,VAGUE
APW19980227.0494,e113,e123,BEFORE,BEFORE,BEFORE
APW19980227.0494,e113,e125,BEFORE,VAGUE,VAGUE
APW19980227.0494,e114,e121,VAGUE,VAGUE,VAGUE
APW19980227.0494,e114,e123,VAGUE,VAGUE,VAGUE
APW19980227.0494,e114,e125,VAGUE,VAGUE,VAGUE
APW19980227.0494,e116,e121,VAGUE,VAGUE,VAGUE
APW19980227.0494,e116,e123,VAGUE,VAGUE,VAGUE
APW19980227.0494,e116,e125,VAGUE,VAGUE,VAGUE
APW19980227.0494,e118,e121,BEFORE,INCLUDES,INCLUDES
APW19980227.0494,e118,e123,BEFORE,BEFORE,BEFORE
APW19980227.0494,e118,e125,BEFORE,BEFORE,BEFORE
APW19980227.0494,e119,e121,BEFORE,BEFORE,BEFORE
APW19980227.0494,e119,e123,BEFORE,BEFORE,BEFORE
APW19980227.0494,e119,e125,BEFORE,BEFORE,BEFORE
APW19980227.0494,e121,e123,BEFORE,BEFORE,BEFORE
APW19980227.0494,e121,e125,BEFORE,BEFORE,BEFORE
APW19980227.0494,e123,e125,INCLUDES,BEFORE,BEFORE
APW19980308.0201,e2,e62,VAGUE,VAGUE,VAGUE
APW19980308.0201,e2,e47,VAGUE,VAGUE,VAGUE
APW19980308.0201,e2,e75,AFTER,AFTER,AFTER
APW19980308.0201,e62,e47,VAGUE,VAGUE,VAGUE
APW19980308.0201,e62,e75,AFTER,AFTER,AFTER
APW19980308.0201,e47,e75,AFTER,AFTER,AFTER
APW19980308.0201,e2,e76,INCLUDES,VAGUE,VAGUE
APW19980308.0201,e2,e49,VAGUE,VAGUE,VAGUE
APW19980308.0201,e2,e77,INCLUDES,BEFORE,BEFORE
APW19980308.0201,e2,e13,VAGUE,BEFORE,BEFORE
APW19980308.0201,e62,e76,VAGUE,VAGUE,VAGUE
APW19980308.0201,e62,e49,VAGUE,VAGUE,VAGUE
APW19980308.0201,e62,e77,VAGUE,VAGUE,VAGUE
APW19980308.0201,e62,e13,VAGUE,VAGUE,VAGUE
APW19980308.0201,e47,e76,INCLUDES,VAGUE,VAGUE
APW19980308.0201,e47,e49,INCLUDES,VAGUE,VAGUE
APW19980308.0201,e47,e77,INCLUDES,VAGUE,VAGUE
APW19980308.0201,e47,e13,VAGUE,VAGUE,VAGUE
APW19980308.0201,e75,e76,BEFORE,BEFORE,BEFORE
APW19980308.0201,e75,e49,BEFORE,BEFORE,BEFORE
APW19980308.0201,e75,e77,BEFORE,BEFORE,BEFORE
APW19980308.0201,e75,e13,BEFORE,BEFORE,BEFORE
APW19980308.0201,e76,e49,BEFORE,VAGUE,VAGUE
APW19980308.0201,e76,e77,VAGUE,VAGUE,VAGUE
APW19980308.0201,e76,e13,VAGUE,VAGUE,VAGUE
APW19980308.0201,e49,e77,VAGUE,VAGUE,VAGUE
APW19980308.0201,e49,e13,VAGUE,VAGUE,VAGUE
APW19980308.0201,e77,e13,VAGUE,BEFORE,BEFORE
APW19980308.0201,e76,e14,BEFORE,VAGUE,VAGUE
APW19980308.0201,e76,e50,IS_INCLUDED,VAGUE,VAGUE
APW19980308.0201,e76,e116,VAGUE,VAGUE,VAGUE
APW19980308.0201,e49,e14,VAGUE,VAGUE,VAGUE
APW19980308.0201,e49,e50,IS_INCLUDED,VAGUE,VAGUE
APW19980308.0201,e49,e116,VAGUE,VAGUE,VAGUE
APW19980308.0201,e77,e14,BEFORE,VAGUE,VAGUE
APW19980308.0201,e77,e50,IS_INCLUDED,VAGUE,VAGUE
APW19980308.0201,e77,e116,VAGUE,VAGUE,VAGUE
APW19980308.0201,e13,e14,BEFORE,VAGUE,VAGUE
APW19980308.0201,e13,e50,IS_INCLUDED,VAGUE,VAGUE
APW19980308.0201,e13,e116,VAGUE,VAGUE,VAGUE
APW19980308.0201,e14,e50,IS_INCLUDED,IS_INCLUDED,IS_INCLUDED
APW19980308.0201,e14,e116,AFTER,VAGUE,VAGUE
APW19980308.0201,e50,e116,INCLUDES,VAGUE,VAGUE
APW19980308.0201,e14,e18,AFTER,VAGUE,VAGUE
APW19980308.0201,e50,e18,INCLUDES,VAGUE,VAGUE
APW19980308.0201,e116,e18,VAGUE,VAGUE,VAGUE
APW19980308.0201,e22,e23,IS_INCLUDED,IS_INCLUDED,IS_INCLUDED
APW19980308.0201,e22,e25,BEFORE,BEFORE,BEFORE
APW19980308.0201,e22,e27,BEFORE,BEFORE,BEFORE
APW19980308.0201,e23,e25,BEFORE,BEFORE,BEFORE
APW19980308.0201,e23,e27,BEFORE,BEFORE,BEFORE
APW19980308.0201,e25,e27,VAGUE,VAGUE,VAGUE
APW19980308.0201,e22,e29,VAGUE,VAGUE,VAGUE
APW19980308.0201,e22,e30,VAGUE,VAGUE,VAGUE
APW19980308.0201,e22,e31,VAGUE,VAGUE,VAGUE
APW19980308.0201,e23,e29,VAGUE,VAGUE,VAGUE
APW19980308.0201,e23,e30,VAGUE,VAGUE,VAGUE
APW19980308.0201,e23,e31,VAGUE,VAGUE,VAGUE
APW19980308.0201,e25,e29,AFTER,VAGUE,VAGUE
APW19980308.0201,e25,e30,AFTER,AFTER,AFTER
APW19980308.0201,e25,e31,AFTER,VAGUE,VAGUE
APW19980308.0201,e27,e29,AFTER,AFTER,AFTER
APW19980308.0201,e27,e30,AFTER,AFTER,AFTER
APW19980308.0201,e27,e31,AFTER,VAGUE,VAGUE
APW19980308.0201,e29,e30,AFTER,AFTER,AFTER
APW19980308.0201,e29,e31,AFTER,IS_INCLUDED,IS_INCLUDED
APW19980308.0201,e30,e31,IS_INCLUDED,VAGUE,VAGUE
APW19980308.0201,e29,e34,VAGUE,VAGUE,VAGUE
APW19980308.0201,e29,e72,BEFORE,BEFORE,BEFORE
APW19980308.0201,e29,e36,VAGUE,VAGUE,VAGUE
APW19980308.0201,e29,e38,BEFORE,BEFORE,BEFORE
APW19980308.0201,e29,e40,BEFORE,BEFORE,BEFORE
APW19980308.0201,e29,e41,BEFORE,VAGUE,VAGUE
APW19980308.0201,e30,e34,VAGUE,VAGUE,VAGUE
APW19980308.0201,e30,e72,BEFORE,VAGUE,VAGUE
APW19980308.0201,e30,e36,BEFORE,BEFORE,BEFORE
APW19980308.0201,e30,e38,BEFORE,BEFORE,BEFORE
APW19980308.0201,e30,e40,BEFORE,BEFORE,BEFORE
APW19980308.0201,e30,e41,BEFORE,BEFORE,BEFORE
APW19980308.0201,e31,e34,VAGUE,VAGUE,VAGUE
APW19980308.0201,e31,e72,BEFORE,VAGUE,VAGUE
APW19980308.0201,e31,e36,BEFORE,VAGUE,VAGUE
APW19980308.0201,e31,e38,BEFORE,VAGUE,VAGUE
APW19980308.0201,e31,e40,BEFORE,VAGUE,VAGUE
APW19980308.0201,e31,e41,BEFORE,VAGUE,VAGUE
APW19980308.0201,e34,e72,VAGUE,VAGUE,VAGUE
APW19980308.0201,e34,e36,INCLUDES,VAGUE,VAGUE
APW19980308.0201,e34,e38,VAGUE,VAGUE,VAGUE
APW19980308.0201,e34,e40,BEFORE,VAGUE,VAGUE
APW19980308.0201,e34,e41,VAGUE,VAGUE,VAGUE
APW19980308.0201,e72,e36,AFTER,AFTER,AFTER
APW19980308.0201,e72,e38,VAGUE,VAGUE,VAGUE
APW19980308.0201,e72,e40,BEFORE,VAGUE,VAGUE
APW19980308.0201,e72,e41,VAGUE,VAGUE,VAGUE
APW19980308.0201,e36,e38,BEFORE,BEFORE,BEFORE
APW19980308.0201,e36,e40,BEFORE,BEFORE,BEFORE
APW19980308.0201,e36,e41,BEFORE,BEFORE,BEFORE
APW19980308.0201,e38,e40,BEFORE,BEFORE,BEFORE
APW19980308.0201,e38,e41,VAGUE,BEFORE,BEFORE
APW19980308.0201,e40,e41,VAGUE,VAGUE,VAGUE
APW19980418.0210,e2,e3,BEFORE,BEFORE,BEFORE
APW19980418.0210,e2,e4,VAGUE,INCLUDES,INCLUDES
APW19980418.0210,e3,e4,AFTER,AFTER,AFTER
APW19980418.0210,e2,e7,VAGUE,VAGUE,VAGUE
APW19980418.0210,e3,e7,AFTER,AFTER,AFTER
APW19980418.0210,e4,e7,VAGUE,VAGUE,VAGUE
APW19980418.0210,e7,e8,AFTER,AFTER,AFTER
APW19980418.0210,e8,e11,BEFORE,BEFORE,BEFORE
APW19980418.0210,e11,e12,AFTER,AFTER,AFTER
APW19980418.0210,e12,e14,BEFORE,BEFORE,BEFORE
APW19980418.0210,e14,e2000,BEFORE,VAGUE,VAGUE
APW19980418.0210,e14,e15,BEFORE,VAGUE,VAGUE
APW19980418.0210,e2000,e15,BEFORE,BEFORE,BEFORE
APW19980418.0210,e2000,e16,BEFORE,BEFORE,BEFORE
APW19980418.0210,e2000,e17,BEFORE,BEFORE,BEFORE
APW19980418.0210,e2000,e21,BEFORE,BEFORE,BEFORE
APW19980418.0210,e15,e16,BEFORE,VAGUE,VAGUE
APW19980418.0210,e15,e17,BEFORE,BEFORE,BEFORE
APW19980418.0210,e15,e21,BEFORE,BEFORE,BEFORE
APW19980418.0210,e16,e17,BEFORE,BEFORE,BEFORE
APW19980418.0210,e16,e21,BEFORE,BEFORE,BEFORE
APW19980418.0210,e17,e21,AFTER,BEFORE,BEFORE
APW19980418.0210,e16,e22,AFTER,VAGUE,VAGUE
APW19980418.0210,e16,e23,AFTER,BEFORE,BEFORE
APW19980418.0210,e17,e22,AFTER,AFTER,AFTER
APW19980418.0210,e17,e23,AFTER,AFTER,AFTER
APW19980418.0210,e21,e22,AFTER,AFTER,AFTER
APW19980418.0210,e21,e23,AFTER,AFTER,AFTER
APW19980418.0210,e22,e23,BEFORE,SIMULTANEOUS,SIMULTANEOUS
APW19980418.0210,e22,e24,BEFORE,VAGUE,VAGUE
APW19980418.0210,e22,e25,BEFORE,AFTER,AFTER
APW19980418.0210,e22,e26,BEFORE,BEFORE,BEFORE
APW19980418.0210,e22,e27,BEFORE,BEFORE,BEFORE
APW19980418.0210,e23,e24,BEFORE,VAGUE,VAGUE
APW19980418.0210,e23,e25,BEFORE,AFTER,AFTER
APW19980418.0210,e23,e26,BEFORE,BEFORE,BEFORE
APW19980418.0210,e23,e27,BEFORE,BEFORE,BEFORE
APW19980418.0210,e24,e25,AFTER,AFTER,AFTER
APW19980418.0210,e24,e26,BEFORE,BEFORE,BEFORE
APW19980418.0210,e24,e27,BEFORE,BEFORE,BEFORE
APW19980418.0210,e25,e26,BEFORE,BEFORE,BEFORE
APW19980418.0210,e25,e27,BEFORE,BEFORE,BEFORE
APW19980418.0210,e26,e27,BEFORE,BEFORE,BEFORE
CNN19980126.1600.1104,e1,e3,VAGUE,VAGUE,VAGUE
CNN19980126.1600.1104,e1,e39,VAGUE,VAGUE,VAGUE
CNN19980126.1600.1104,e1,e4,VAGUE,BEFORE,BEFORE
CNN19980126.1600.1104,e3,e39,VAGUE,VAGUE,VAGUE
CNN19980126.1600.1104,e3,e4,VAGUE,BEFORE,BEFORE
CNN19980126.1600.1104,e39,e4,VAGUE,VAGUE,VAGUE
CNN19980126.1600.1104,e39,e7,VAGUE,VAGUE,VAGUE
CNN19980126.1600.1104,e39,e42,VAGUE,BEFORE,BEFORE
CNN19980126.1600.1104,e4,e7,AFTER,AFTER,AFTER
CNN19980126.1600.1104,e4,e42,AFTER,VAGUE,VAGUE
CNN19980126.1600.1104,e7,e42,AFTER,BEFORE,BEFORE
CNN19980126.1600.1104,e7,e9,VAGUE,VAGUE,VAGUE
CNN19980126.1600.1104,e42,e9,VAGUE,AFTER,AFTER
CNN19980126.1600.1104,e9,e206,IS_INCLUDED,VAGUE,VAGUE
CNN19980126.1600.1104,e206,e14,INCLUDES,VAGUE,VAGUE
CNN19980126.1600.1104,e206,e46,INCLUDES,VAGUE,VAGUE
CNN19980126.1600.1104,e14,e46,IS_INCLUDED,IS_INCLUDED,IS_INCLUDED
CNN19980126.1600.1104,e22,e48,BEFORE,VAGUE,VAGUE
CNN19980126.1600.1104,e22,e24,VAGUE,VAGUE,VAGUE
CNN19980126.1600.1104,e48,e24,VAGUE,VAGUE,VAGUE
CNN19980126.1600.1104,e22,e25,BEFORE,VAGUE,VAGUE
CNN19980126.1600.1104,e22,e27,BEFORE,VAGUE,VAGUE
CNN19980126.1600.1104,e48,e25,SIMULTANEOUS,VAGUE,VAGUE
CNN19980126.1600.1104,e48,e27,VAGUE,VAGUE,VAGUE
CNN19980126.1600.1104,e24,e25,VAGUE,VAGUE,VAGUE
CNN19980126.1600.1104,e24,e27,VAGUE,VAGUE,VAGUE
CNN19980126.1600.1104,e25,e27,VAGUE,BEFORE,BEFORE
CNN19980126.1600.1104,e29,e204,VAGUE,VAGUE,VAGUE
CNN19980126.1600.1104,e29,e30,VAGUE,VAGUE,VAGUE
CNN19980126.1600.1104,e29,e52,VAGUE,VAGUE,VAGUE
CNN19980126.1600.1104,e204,e30,VAGUE,VAGUE,VAGUE
CNN19980126.1600.1104,e204,e52,SIMULTANEOUS,VAGUE,VAGUE
CNN19980126.1600.1104,e30,e52,VAGUE,VAGUE,VAGUE
CNN19980213.2130.0155,e1,e2,IS_INCLUDED,IS_INCLUDED,IS_INCLUDED
CNN19980213.2130.0155,e1,e3,BEFORE,BEFORE,BEFORE
CNN19980213.2130.0155,e1,e4,AFTER,VAGUE,VAGUE
CNN19980213.2130.0155,e2,e3,BEFORE,VAGUE,VAGUE
CNN19980213.2130.0155,e2,e4,VAGUE,VAGUE,VAGUE
CNN19980213.2130.0155,e3,e4,AFTER,AFTER,AFTER
CNN19980213.2130.0155,e103,e6,VAGUE,INCLUDES,INCLUDES
CNN19980213.2130.0155,e103,e7,INCLUDES,INCLUDES,INCLUDES
CNN19980213.2130.0155,e103,e9,INCLUDES,INCLUDES,INCLUDES
CNN19980213.2130.0155,e103,e10,VAGUE,VAGUE,VAGUE
CNN19980213.2130.0155,e103,e13,VAGUE,VAGUE,VAGUE
CNN19980213.2130.0155,e103,e15,VAGUE,VAGUE,VAGUE
CNN19980213.2130.0155,e103,e17,VAGUE,INCLUDES,INCLUDES
CNN19980213.2130.0155,e103,e19,VAGUE,VAGUE,VAGUE
CNN19980213.2130.0155,e6,e7,INCLUDES,VAGUE,VAGUE
CNN19980213.2130.0155,e6,e9,INCLUDES,VAGUE,VAGUE
CNN19980213.2130.0155,e6,e10,VAGUE,VAGUE,VAGUE
CNN19980213.2130.0155,e6,e13,VAGUE,VAGUE,VAGUE
CNN19980213.2130.0155,e6,e15,VAGUE,VAGUE,VAGUE
CNN19980213.2130.0155,e6,e17,BEFORE,VAGUE,VAGUE
CNN19980213.2130.0155,e6,e19,VAGUE,VAGUE,VAGUE
CNN19980213.2130.0155,e7,e9,INCLUDES,VAGUE,VAGUE
CNN19980213.2130.0155,e7,e10,VAGUE,BEFORE,BEFORE
CNN19980213.2130.0155,e7,e13,VAGUE,BEFORE,BEFORE
CNN19980213.2130.0155,e7,e15,VAGUE,BEFORE,BEFORE
CNN19980213.2130.0155,e7,e17,BEFORE,VAGUE,VAGUE
CNN19980213.2130.0155,e7,e19,VAGUE,VAGUE,VAGUE
CNN19980213.2130.0155,e9,e10,VAGUE,BEFORE,BEFORE
CNN19980213.2130.0155,e9,e13,VAGUE,BEFORE,BEFORE
CNN19980213.2130.0155,e9,e15,VAGUE,BEFORE,BEFORE
CNN19980213.2130.0155,e9,e17,BEFORE,VAGUE,VAGUE
CNN19980213.2130.0155,e9,e19,VAGUE,VAGUE,VAGUE
CNN19980213.2130.0155,e10,e13,VAGUE,VAGUE,VAGUE
CNN19980213.2130.0155,e10,e15,VAGUE,BEFORE,BEFORE
CNN19980213.2130.0155,e10,e17,BEFORE,VAGUE,VAGUE
CNN19980213.2130.0155,e10,e19,VAGUE,VAGUE,VAGUE
CNN19980213.2130.0155,e13,e15,VAGUE,VAGUE,VAGUE
CNN19980213.2130.0155,e13,e17,BEFORE,VAGUE,VAGUE
CNN19980213.2130.0155,e13,e19,VAGUE,VAGUE,VAGUE
CNN19980213.2130.0155,e15,e17,BEFORE,VAGUE,VAGUE
CNN19980213.2130.0155,e15,e19,VAGUE,VAGUE,VAGUE
CNN19980213.2130.0155,e17,e19,VAGUE,VAGUE,VAGUE
CNN19980213.2130.0155,e103,e21,VAGUE,VAGUE,VAGUE
CNN19980213.2130.0155,e103,e22,VAGUE,VAGUE,VAGUE
CNN19980213.2130.0155,e103,e23,VAGUE,VAGUE,VAGUE
CNN19980213.2130.0155,e103,e24,VAGUE,VAGUE,VAGUE
CNN19980213.2130.0155,e103,e26,VAGUE,VAGUE,VAGUE
CNN19980213.2130.0155,e103,e29,VAGUE,VAGUE,VAGUE
CNN19980213.2130.0155,e103,e31,VAGUE,VAGUE,VAGUE
CNN19980213.2130.0155,e6,e21,VAGUE,VAGUE,VAGUE
CNN19980213.2130.0155,e6,e22,VAGUE,VAGUE,VAGUE
CNN19980213.2130.0155,e6,e23,VAGUE,VAGUE,VAGUE
CNN19980213.2130.0155,e6,e24,VAGUE,VAGUE,VAGUE
CNN19980213.2130.0155,e6,e26,VAGUE,VAGUE,VAGUE
CNN19980213.2130.0155,e6,e29,VAGUE,VAGUE,VAGUE
CNN19980213.2130.0155,e6,e31,VAGUE,VAGUE,VAGUE
CNN19980213.2130.0155,e7,e21,VAGUE,VAGUE,VAGUE
CNN19980213.2130.0155,e7,e22,VAGUE,VAGUE,VAGUE
CNN19980213.2130.0155,e7,e23,VAGUE,VAGUE,VAGUE
CNN19980213.2130.0155,e7,e24,VAGUE,VAGUE,VAGUE
CNN19980213.2130.0155,e7,e26,VAGUE,VAGUE,VAGUE
CNN19980213.2130.0155,e7,e29,VAGUE,VAGUE,VAGUE
CNN19980213.2130.0155,e7,e31,VAGUE,VAGUE,VAGUE
CNN19980213.2130.0155,e9,e21,VAGUE,VAGUE,VAGUE
CNN19980213.2130.0155,e9,e22,VAGUE,VAGUE,VAGUE
CNN19980213.2130.0155,e9,e23,VAGUE,VAGUE,VAGUE
CNN19980213.2130.0155,e9,e24,VAGUE,VAGUE,VAGUE
CNN19980213.2130.0155,e9,e26,BEFORE,BEFORE,BEFORE
CNN19980213.2130.0155,e9,e29,VAGUE,IS_INCLUDED,IS_INCLUDED
CNN19980213.2130.0155,e9,e31,VAGUE,BEFORE,BEFORE
CNN19980213.2130.0155,e10,e21,VAGUE,VAGUE,VAGUE
CNN19980213.2130.0155,e10,e22,VAGUE,VAGUE,VAGUE
CNN19980213.2130.0155,e10,e23,VAGUE,VAGUE,VAGUE
CNN19980213.2130.0155,e10,e24,VAGUE,VAGUE,VAGUE
CNN19980213.2130.0155,e10,e26,VAGUE,VAGUE,VAGUE
CNN19980213.2130.0155,e10,e29,VAGUE,VAGUE,VAGUE
CNN19980213.2130.0155,e10,e31,VAGUE,VAGUE,VAGUE
CNN19980213.2130.0155,e13,e21,VAGUE,VAGUE,VAGUE
CNN19980213.2130.0155,e13,e22,VAGUE,VAGUE,VAGUE
CNN19980213.2130.0155,e13,e23,VAGUE,VAGUE,VAGUE
CNN19980213.2130.0155,e13,e24,VAGUE,VAGUE,VAGUE
CNN19980213.2130.0155,e13,e26,VAGUE,VAGUE,VAGUE
CNN19980213.2130.0155,e13,e29,VAGUE,VAGUE,VAGUE
CNN19980213.2130.0155,e13,e31,VAGUE,VAGUE,VAGUE
CNN19980213.2130.0155,e15,e21,VAGUE,VAGUE,VAGUE
CNN19980213.2130.0155,e15,e22,VAGUE,AFTER,AFTER
CNN19980213.2130.0155,e15,e23,VAGUE,VAGUE,VAGUE
CNN19980213.2130.0155,e15,e24,VAGUE,VAGUE,VAGUE
CNN19980213.2130.0155,e15,e26,VAGUE,VAGUE,VAGUE
CNN19980213.2130.0155,e15,e29,VAGUE,VAGUE,VAGUE
CNN19980213.2130.0155,e15,e31,VAGUE,VAGUE,VAGUE
CNN19980213.2130.0155,e17,e21,VAGUE,VAGUE,VAGUE
CNN19980213.2130.0155,e17,e22,VAGUE,VAGUE,VAGUE
CNN19980213.2130.0155,e17,e23,VAGUE,VAGUE,VAGUE
CNN19980213.2130.0155,e17,e24,VAGUE,VAGUE,VAGUE
CNN19980213.2130.0155,e17,e26,VAGUE,VAGUE,VAGUE
CNN19980213.2130.0155,e17,e29,VAGUE,VAGUE,VAGUE
CNN19980213.2130.0155,e17,e31,VAGUE,VAGUE,VAGUE
CNN19980213.2130.0155,e19,e21,VAGUE,VAGUE,VAGUE
CNN19980213.2130.0155,e19,e22,VAGUE,VAGUE,VAGUE
CNN19980213.2130.0155,e19,e23,VAGUE,VAGUE,VAGUE
CNN19980213.2130.0155,e19,e24,VAGUE,VAGUE,VAGUE
CNN19980213.2130.0155,e19,e26,VAGUE,VAGUE,VAGUE
CNN19980213.2130.0155,e19,e29,INCLUDES,VAGUE,VAGUE
CNN19980213.2130.0155,e19,e31,SIMULTANEOUS,VAGUE,VAGUE
CNN19980213.2130.0155,e21,e22,AFTER,AFTER,AFTER
CNN19980213.2130.0155,e21,e23,AFTER,AFTER,AFTER
CNN19980213.2130.0155,e21,e24,VAGUE,VAGUE,VAGUE
CNN19980213.2130.0155,e21,e26,VAGUE,VAGUE,VAGUE
CNN19980213.2130.0155,e21,e29,VAGUE,VAGUE,VAGUE
CNN19980213.2130.0155,e21,e31,VAGUE,VAGUE,VAGUE
CNN19980213.2130.0155,e22,e23,VAGUE,VAGUE,VAGUE
CNN19980213.2130.0155,e22,e24,VAGUE,VAGUE,VAGUE
CNN19980213.2130.0155,e22,e26,BEFORE,BEFORE,BEFORE
CNN19980213.2130.0155,e22,e29,VAGUE,VAGUE,VAGUE
CNN19980213.2130.0155,e22,e31,VAGUE,VAGUE,VAGUE
CNN19980213.2130.0155,e23,e24,VAGUE,VAGUE,VAGUE
CNN19980213.2130.0155,e23,e26,BEFORE,BEFORE,BEFORE
CNN19980213.2130.0155,e23,e29,VAGUE,VAGUE,VAGUE
CNN19980213.2130.0155,e23,e31,VAGUE,VAGUE,VAGUE
CNN19980213.2130.0155,e24,e26,BEFORE,BEFORE,BEFORE
CNN19980213.2130.0155,e24,e29,VAGUE,VAGUE,VAGUE
CNN19980213.2130.0155,e24,e31,VAGUE,VAGUE,VAGUE
CNN19980213.2130.0155,e26,e29,IS_INCLUDED,IS_INCLUDED,IS_INCLUDED
CNN19980213.2130.0155,e26,e31,IS_INCLUDED,VAGUE,VAGUE
CNN19980213.2130.0155,e29,e31,IS_INCLUDED,VAGUE,VAGUE
CNN19980213.2130.0155,e21,e34,VAGUE,AFTER,AFTER
CNN19980213.2130.0155,e21,e35,VAGUE,AFTER,AFTER
CNN19980213.2130.0155,e21,e36,VAGUE,VAGUE,VAGUE
CNN19980213.2130.0155,e21,e39,VAGUE,VAGUE,VAGUE
CNN19980213.2130.0155,e21,e113,VAGUE,VAGUE,VAGUE
CNN19980213.2130.0155,e22,e34,VAGUE,VAGUE,VAGUE
CNN19980213.2130.0155,e22,e35,VAGUE,VAGUE,VAGUE
CNN19980213.2130.0155,e22,e36,VAGUE,VAGUE,VAGUE
CNN19980213.2130.0155,e22,e39,VAGUE,VAGUE,VAGUE
CNN19980213.2130.0155,e22,e113,VAGUE,VAGUE,VAGUE
CNN19980213.2130.0155,e23,e34,VAGUE,VAGUE,VAGUE
CNN19980213.2130.0155,e23,e35,VAGUE,VAGUE,VAGUE
CNN19980213.2130.0155,e23,e36,BEFORE,VAGUE,VAGUE
CNN19980213.2130.0155,e23,e39,BEFORE,VAGUE,VAGUE
CNN19980213.2130.0155,e23,e113,VAGUE,VAGUE,VAGUE
CNN19980213.2130.0155,e24,e34,VAGUE,VAGUE,VAGUE
CNN19980213.2130.0155,e24,e35,VAGUE,AFTER,AFTER
CNN19980213.2130.0155,e24,e36,VAGUE,VAGUE,VAGUE
CNN19980213.2130.0155,e24,e39,VAGUE,VAGUE,VAGUE
CNN19980213.2130.0155,e24,e113,VAGUE,VAGUE,VAGUE
CNN19980213.2130.0155,e26,e34,AFTER,AFTER,AFTER
CNN19980213.2130.0155,e26,e35,AFTER,AFTER,AFTER
CNN19980213.2130.0155,e26,e36,VAGUE,VAGUE,VAGUE
CNN19980213.2130.0155,e26,e39,VAGUE,VAGUE,VAGUE
CNN19980213.2130.0155,e26,e113,VAGUE,VAGUE,VAGUE
CNN19980213.2130.0155,e29,e34,VAGUE,VAGUE,VAGUE
CNN19980213.2130.0155,e29,e35,VAGUE,VAGUE,VAGUE
CNN19980213.2130.0155,e29,e36,VAGUE,VAGUE,VAGUE
CNN19980213.2130.0155,e29,e39,VAGUE,VAGUE,VAGUE
CNN19980213.2130.0155,e29,e113,VAGUE,VAGUE,VAGUE
CNN19980213.2130.0155,e31,e34,VAGUE,VAGUE,VAGUE
CNN19980213.2130.0155,e31,e35,VAGUE,VAGUE,VAGUE
CNN19980213.2130.0155,e31,e36,VAGUE,VAGUE,VAGUE
CNN19980213.2130.0155,e31,e39,VAGUE,VAGUE,VAGUE
CNN19980213.2130.0155,e31,e113,VAGUE,VAGUE,VAGUE
CNN19980213.2130.0155,e34,e35,INCLUDES,AFTER,AFTER
CNN19980213.2130.0155,e34,e36,BEFORE,BEFORE,BEFORE
CNN19980213.2130.0155,e34,e39,BEFORE,VAGUE,VAGUE
CNN19980213.2130.0155,e34,e113,BEFORE,BEFORE,BEFORE
CNN19980213.2130.0155,e35,e36,BEFORE,BEFORE,BEFORE
CNN19980213.2130.0155,e35,e39,BEFORE,BEFORE,BEFORE
CNN19980213.2130.0155,e35,e113,BEFORE,BEFORE,BEFORE
CNN19980213.2130.0155,e36,e39,SIMULTANEOUS,VAGUE,VAGUE
CNN19980213.2130.0155,e36,e113,VAGUE,VAGUE,VAGUE
CNN19980213.2130.0155,e39,e113,VAGUE,VAGUE,VAGUE
CNN19980213.2130.0155,e34,e40,IS_INCLUDED,IS_INCLUDED,IS_INCLUDED
CNN19980213.2130.0155,e34,e43,VAGUE,VAGUE,VAGUE
CNN19980213.2130.0155,e34,e45,VAGUE,VAGUE,VAGUE
CNN19980213.2130.0155,e35,e40,IS_INCLUDED,IS_INCLUDED,IS_INCLUDED
CNN19980213.2130.0155,e35,e43,VAGUE,VAGUE,VAGUE
CNN19980213.2130.0155,e35,e45,VAGUE,VAGUE,VAGUE
CNN19980213.2130.0155,e36,e40,IS_INCLUDED,IS_INCLUDED,IS_INCLUDED
CNN19980213.2130.0155,e36,e43,VAGUE,VAGUE,VAGUE
CNN19980213.2130.0155,e36,e45,VAGUE,AFTER,AFTER
CNN19980213.2130.0155,e39,e40,IS_INCLUDED,IS_INCLUDED,IS_INCLUDED
CNN19980213.2130.0155,e39,e43,VAGUE,VAGUE,VAGUE
CNN19980213.2130.0155,e39,e45,VAGUE,VAGUE,VAGUE
CNN19980213.2130.0155,e113,e40,VAGUE,IS_INCLUDED,IS_INCLUDED
CNN19980213.2130.0155,e113,e43,VAGUE,VAGUE,VAGUE
CNN19980213.2130.0155,e113,e45,VAGUE,VAGUE,VAGUE
CNN19980213.2130.0155,e40,e43,VAGUE,VAGUE,VAGUE
CNN19980213.2130.0155,e40,e45,VAGUE,INCLUDES,INCLUDES
CNN19980213.2130.0155,e43,e45,BEFORE,VAGUE,VAGUE
CNN19980213.2130.0155,e40,e46,INCLUDES,INCLUDES,INCLUDES
CNN19980213.2130.0155,e40,e47,INCLUDES,INCLUDES,INCLUDES
CNN19980213.2130.0155,e40,e117,INCLUDES,VAGUE,VAGUE
CNN19980213.2130.0155,e40,e118,VAGUE,VAGUE,VAGUE
CNN19980213.2130.0155,e43,e46,VAGUE,VAGUE,VAGUE
CNN19980213.2130.0155,e43,e47,VAGUE,VAGUE,VAGUE
CNN19980213.2130.0155,e43,e117,VAGUE,VAGUE,VAGUE
CNN19980213.2130.0155,e43,e118,VAGUE,VAGUE,VAGUE
CNN19980213.2130.0155,e45,e46,VAGUE,VAGUE,VAGUE
CNN19980213.2130.0155,e45,e47,VAGUE,VAGUE,VAGUE
CNN19980213.2130.0155,e45,e117,VAGUE,VAGUE,VAGUE
CNN19980213.2130.0155,e45,e118,VAGUE,BEFORE,BEFORE
CNN19980213.2130.0155,e46,e47,AFTER,AFTER,AFTER
CNN19980213.2130.0155,e46,e117,BEFORE,BEFORE,BEFORE
CNN19980213.2130.0155,e46,e118,BEFORE,BEFORE,BEFORE
CNN19980213.2130.0155,e47,e117,BEFORE,BEFORE,BEFORE
CNN19980213.2130.0155,e47,e118,BEFORE,BEFORE,BEFORE
CNN19980213.2130.0155,e117,e118,VAGUE,VAGUE,VAGUE
CNN19980213.2130.0155,e46,e52,VAGUE,IS_INCLUDED,IS_INCLUDED
CNN19980213.2130.0155,e46,e54,VAGUE,VAGUE,VAGUE
CNN19980213.2130.0155,e47,e52,VAGUE,IS_INCLUDED,IS_INCLUDED
CNN19980213.2130.0155,e47,e54,BEFORE,VAGUE,VAGUE
CNN19980213.2130.0155,e117,e52,VAGUE,VAGUE,VAGUE
CNN19980213.2130.0155,e117,e54,VAGUE,VAGUE,VAGUE
CNN19980213.2130.0155,e118,e52,VAGUE,VAGUE,VAGUE
CNN19980213.2130.0155,e118,e54,VAGUE,VAGUE,VAGUE
CNN19980213.2130.0155,e52,e54,BEFORE,VAGUE,VAGUE
CNN19980213.2130.0155,e52,e56,VAGUE,VAGUE,VAGUE
CNN19980213.2130.0155,e52,e57,INCLUDES,VAGUE,VAGUE
CNN19980213.2130.0155,e52,e58,VAGUE,VAGUE,VAGUE
CNN19980213.2130.0155,e54,e56,VAGUE,VAGUE,VAGUE
CNN19980213.2130.0155,e54,e57,AFTER,VAGUE,VAGUE
CNN19980213.2130.0155,e54,e58,VAGUE,VAGUE,VAGUE
CNN19980213.2130.0155,e56,e57,VAGUE,VAGUE,VAGUE
CNN19980213.2130.0155,e56,e58,VAGUE,VAGUE,VAGUE
CNN19980213.2130.0155,e57,e58,VAGUE,BEFORE,BEFORE
CNN19980213.2130.0155,e56,e60,VAGUE,VAGUE,VAGUE
CNN19980213.2130.0155,e56,e61,VAGUE,VAGUE,VAGUE
CNN19980213.2130.0155,e57,e60,VAGUE,AFTER,AFTER
CNN19980213.2130.0155,e57,e61,VAGUE,AFTER,AFTER
CNN19980213.2130.0155,e58,e60,VAGUE,AFTER,AFTER
CNN19980213.2130.0155,e58,e61,VAGUE,AFTER,AFTER
CNN19980213.2130.0155,e60,e61,SIMULTANEOUS,BEFORE,BEFORE
CNN19980213.2130.0155,e60,e62,VAGUE,VAGUE,VAGUE
CNN19980213.2130.0155,e60,e63,BEFORE,BEFORE,BEFORE
CNN19980213.2130.0155,e60,e67,BEFORE,BEFORE,BEFORE
CNN19980213.2130.0155,e60,e128,BEFORE,BEFORE,BEFORE
CNN19980213.2130.0155,e60,e129,BEFORE,BEFORE,BEFORE
CNN19980213.2130.0155,e61,e62,VAGUE,VAGUE,VAGUE
CNN19980213.2130.0155,e61,e63,BEFORE,BEFORE,BEFORE
CNN19980213.2130.0155,e61,e67,BEFORE,BEFORE,BEFORE
CNN19980213.2130.0155,e61,e128,BEFORE,VAGUE,VAGUE
CNN19980213.2130.0155,e61,e129,BEFORE,BEFORE,BEFORE
CNN19980213.2130.0155,e62,e63,BEFORE,BEFORE,BEFORE
CNN19980213.2130.0155,e62,e67,BEFORE,BEFORE,BEFORE
CNN19980213.2130.0155,e62,e128,BEFORE,VAGUE,VAGUE
CNN19980213.2130.0155,e62,e129,BEFORE,BEFORE,BEFORE
CNN19980213.2130.0155,e63,e67,AFTER,VAGUE,VAGUE
CNN19980213.2130.0155,e63,e128,VAGUE,AFTER,AFTER
CNN19980213.2130.0155,e63,e129,VAGUE,VAGUE,VAGUE
CNN19980213.2130.0155,e67,e128,VAGUE,VAGUE,VAGUE
CNN19980213.2130.0155,e67,e129,VAGUE,VAGUE,VAGUE
CNN19980213.2130.0155,e128,e129,VAGUE,BEFORE,BEFORE
CNN19980213.2130.0155,e62,e68,VAGUE,VAGUE,VAGUE
CNN19980213.2130.0155,e62,e70,VAGUE,BEFORE,BEFORE
CNN19980213.2130.0155,e62,e72,VAGUE,VAGUE,VAGUE
CNN19980213.2130.0155,e62,e73,IS_INCLUDED,IS_INCLUDED,IS_INCLUDED
CNN19980213.2130.0155,e62,e74,VAGUE,BEFORE,BEFORE
CNN19980213.2130.0155,e62,e137,BEFORE,BEFORE,BEFORE
CNN19980213.2130.0155,e63,e68,AFTER,VAGUE,VAGUE
CNN19980213.2130.0155,e63,e70,AFTER,VAGUE,VAGUE
CNN19980213.2130.0155,e63,e72,AFTER,AFTER,AFTER
CNN19980213.2130.0155,e63,e73,VAGUE,VAGUE,VAGUE
CNN19980213.2130.0155,e63,e74,AFTER,VAGUE,VAGUE
CNN19980213.2130.0155,e63,e137,VAGUE,VAGUE,VAGUE
CNN19980213.2130.0155,e67,e68,AFTER,VAGUE,VAGUE
CNN19980213.2130.0155,e67,e70,AFTER,VAGUE,VAGUE
CNN19980213.2130.0155,e67,e72,AFTER,VAGUE,VAGUE
CNN19980213.2130.0155,e67,e73,VAGUE,VAGUE,VAGUE
CNN19980213.2130.0155,e67,e74,VAGUE,VAGUE,VAGUE
CNN19980213.2130.0155,e67,e137,VAGUE,VAGUE,VAGUE
CNN19980213.2130.0155,e128,e68,AFTER,VAGUE,VAGUE
CNN19980213.2130.0155,e128,e70,AFTER,VAGUE,VAGUE
CNN19980213.2130.0155,e128,e72,AFTER,VAGUE,VAGUE
CNN19980213.2130.0155,e128,e73,VAGUE,VAGUE,VAGUE
CNN19980213.2130.0155,e128,e74,VAGUE,VAGUE,VAGUE
CNN19980213.2130.0155,e128,e137,VAGUE,VAGUE,VAGUE
CNN19980213.2130.0155,e129,e68,AFTER,VAGUE,VAGUE
CNN19980213.2130.0155,e129,e70,AFTER,VAGUE,VAGUE
CNN19980213.2130.0155,e129,e72,AFTER,AFTER,AFTER
CNN19980213.2130.0155,e129,e73,VAGUE,VAGUE,VAGUE
CNN19980213.2130.0155,e129,e74,AFTER,VAGUE,VAGUE
CNN19980213.2130.0155,e129,e137,VAGUE,VAGUE,VAGUE
CNN19980213.2130.0155,e68,e70,VAGUE,BEFORE,BEFORE
CNN19980213.2130.0155,e68,e72,VAGUE,VAGUE,VAGUE
CNN19980213.2130.0155,e68,e73,IS_INCLUDED,IS_INCLUDED,IS_INCLUDED
CNN19980213.2130.0155,e68,e74,VAGUE,BEFORE,BEFORE
CNN19980213.2130.0155,e68,e137,BEFORE,BEFORE,BEFORE
CNN19980213.2130.0155,e70,e72,VAGUE,AFTER,AFTER
CNN19980213.2130.0155,e70,e73,IS_INCLUDED,IS_INCLUDED,IS_INCLUDED
CNN19980213.2130.0155,e70,e74,VAGUE,BEFORE,BEFORE
CNN19980213.2130.0155,e70,e137,BEFORE,BEFORE,BEFORE
CNN19980213.2130.0155,e72,e73,IS_INCLUDED,IS_INCLUDED,IS_INCLUDED
CNN19980213.2130.0155,e72,e74,VAGUE,BEFORE,BEFORE
CNN19980213.2130.0155,e72,e137,BEFORE,BEFORE,BEFORE
CNN19980213.2130.0155,e73,e74,VAGUE,BEFORE,BEFORE
CNN19980213.2130.0155,e73,e137,VAGUE,VAGUE,VAGUE
CNN19980213.2130.0155,e74,e137,BEFORE,VAGUE,VAGUE
CNN19980213.2130.0155,e68,e78,BEFORE,VAGUE,VAGUE
CNN19980213.2130.0155,e68,e141,BEFORE,VAGUE,VAGUE
CNN19980213.2130.0155,e70,e78,BEFORE,VAGUE,VAGUE
CNN19980213.2130.0155,e70,e141,BEFORE,VAGUE,VAGUE
CNN19980213.2130.0155,e72,e78,BEFORE,VAGUE,VAGUE
CNN19980213.2130.0155,e72,e141,BEFORE,VAGUE,VAGUE
CNN19980213.2130.0155,e73,e78,VAGUE,VAGUE,VAGUE
CNN19980213.2130.0155,e73,e141,VAGUE,VAGUE,VAGUE
CNN19980213.2130.0155,e74,e78,BEFORE,VAGUE,VAGUE
CNN19980213.2130.0155,e74,e141,VAGUE,VAGUE,VAGUE
CNN19980213.2130.0155,e137,e78,SIMULTANEOUS,VAGUE,VAGUE
CNN19980213.2130.0155,e137,e141,AFTER,AFTER,AFTER
CNN19980213.2130.0155,e78,e141,AFTER,VAGUE,VAGUE
CNN19980213.2130.0155,e78,e80,AFTER,VAGUE,VAGUE
CNN19980213.2130.0155,e78,e144,AFTER,VAGUE,VAGUE
CNN19980213.2130.0155,e78,e82,VAGUE,VAGUE,VAGUE
CNN19980213.2130.0155,e78,e84,VAGUE,VAGUE,VAGUE
CNN19980213.2130.0155,e78,e146,VAGUE,VAGUE,VAGUE
CNN19980213.2130.0155,e78,e87,VAGUE,VAGUE,VAGUE
CNN19980213.2130.0155,e141,e80,AFTER,VAGUE,VAGUE
CNN19980213.2130.0155,e141,e144,AFTER,VAGUE,VAGUE
CNN19980213.2130.0155,e141,e82,VAGUE,VAGUE,VAGUE
CNN19980213.2130.0155,e141,e84,VAGUE,VAGUE,VAGUE
CNN19980213.2130.0155,e141,e146,VAGUE,VAGUE,VAGUE
CNN19980213.2130.0155,e141,e87,VAGUE,VAGUE,VAGUE
CNN19980213.2130.0155,e80,e144,AFTER,IS_INCLUDED,IS_INCLUDED
CNN19980213.2130.0155,e80,e82,BEFORE,BEFORE,BEFORE
CNN19980213.2130.0155,e80,e84,BEFORE,BEFORE,BEFORE
CNN19980213.2130.0155,e80,e146,BEFORE,BEFORE,BEFORE
CNN19980213.2130.0155,e80,e87,BEFORE,BEFORE,BEFORE
CNN19980213.2130.0155,e144,e82,BEFORE,BEFORE,BEFORE
CNN19980213.2130.0155,e144,e84,BEFORE,BEFORE,BEFORE
CNN19980213.2130.0155,e144,e146,BEFORE,BEFORE,BEFORE
CNN19980213.2130.0155,e144,e87,BEFORE,BEFORE,BEFORE
CNN19980213.2130.0155,e82,e84,BEFORE,BEFORE,BEFORE
CNN19980213.2130.0155,e82,e146,BEFORE,BEFORE,BEFORE
CNN19980213.2130.0155,e82,e87,BEFORE,VAGUE,VAGUE
CNN19980213.2130.0155,e84,e146,BEFORE,VAGUE,VAGUE
CNN19980213.2130.0155,e84,e87,BEFORE,VAGUE,VAGUE
CNN19980213.2130.0155,e146,e87,VAGUE,VAGUE,VAGUE
NYT19980402.0453,e1,e45,IS_INCLUDED,IS_INCLUDED,IS_INCLUDED
NYT19980402.0453,e1,e2,AFTER,AFTER,AFTER
NYT19980402.0453,e1,e4,VAGUE,VAGUE,VAGUE
NYT19980402.0453,e1,e5,VAGUE,VAGUE,VAGUE
NYT19980402.0453,e1,e6,VAGUE,BEFORE,BEFORE
NYT19980402.0453,e1,e7,BEFORE,BEFORE,BEFORE
NYT19980402.0453,e45,e2,AFTER,AFTER,AFTER
NYT19980402.0453,e45,e4,VAGUE,VAGUE,VAGUE
NYT19980402.0453,e45,e5,VAGUE,VAGUE,VAGUE
NYT19980402.0453,e45,e6,VAGUE,BEFORE,BEFORE
NYT19980402.0453,e45,e7,BEFORE,BEFORE,BEFORE
NYT19980402.0453,e2,e4,BEFORE,VAGUE,VAGUE
NYT19980402.0453,e2,e5,BEFORE,VAGUE,VAGUE
NYT19980402.0453,e2,e6,BEFORE,BEFORE,BEFORE
NYT19980402.0453,e2,e7,BEFORE,BEFORE,BEFORE
NYT19980402.0453,e4,e5,VAGUE,VAGUE,VAGUE
NYT19980402.0453,e4,e6,VAGUE,BEFORE,BEFORE
NYT19980402.0453,e4,e7,BEFORE,BEFORE,BEFORE
NYT19980402.0453,e5,e6,VAGUE,BEFORE,BEFORE
NYT19980402.0453,e5,e7,BEFORE,BEFORE,BEFORE
NYT19980402.0453,e6,e7,BEFORE,BEFORE,BEFORE
NYT19980402.0453,e1,e8,VAGUE,VAGUE,VAGUE
NYT19980402.0453,e1,e9,AFTER,AFTER,AFTER
NYT19980402.0453,e1,e10,BEFORE,VAGUE,VAGUE
NYT19980402.0453,e1,e50,AFTER,AFTER,AFTER
NYT19980402.0453,e1,e12,VAGUE,VAGUE,VAGUE
NYT19980402.0453,e45,e8,VAGUE,VAGUE,VAGUE
NYT19980402.0453,e45,e9,AFTER,AFTER,AFTER
NYT19980402.0453,e45,e10,VAGUE,VAGUE,VAGUE
NYT19980402.0453,e45,e50,AFTER,AFTER,AFTER
NYT19980402.0453,e45,e12,VAGUE,VAGUE,VAGUE
NYT19980402.0453,e2,e8,BEFORE,BEFORE,BEFORE
NYT19980402.0453,e2,e9,BEFORE,VAGUE,VAGUE
NYT19980402.0453,e2,e10,BEFORE,VAGUE,VAGUE
NYT19980402.0453,e2,e50,SIMULTANEOUS,VAGUE,VAGUE
NYT19980402.0453,e2,e12,VAGUE,VAGUE,VAGUE
NYT19980402.0453,e4,e8,VAGUE,VAGUE,VAGUE
NYT19980402.0453,e4,e9,AFTER,VAGUE,VAGUE
NYT19980402.0453,e4,e10,VAGUE,VAGUE,VAGUE
NYT19980402.0453,e4,e50,AFTER,VAGUE,VAGUE
NYT19980402.0453,e4,e12,VAGUE,VAGUE,VAGUE
NYT19980402.0453,e5,e8,VAGUE,VAGUE,VAGUE
NYT19980402.0453,e5,e9,VAGUE,VAGUE,VAGUE
NYT19980402.0453,e5,e10,BEFORE,VAGUE,VAGUE
NYT19980402.0453,e5,e50,AFTER,AFTER,AFTER
NYT19980402.0453,e5,e12,VAGUE,VAGUE,VAGUE
NYT19980402.0453,e6,e8,VAGUE,VAGUE,VAGUE
NYT19980402.0453,e6,e9,AFTER,AFTER,AFTER
NYT19980402.0453,e6,e10,VAGUE,VAGUE,VAGUE
NYT19980402.0453,e6,e50,AFTER,AFTER,AFTER
NYT19980402.0453,e6,e12,VAGUE,AFTER,AFTER
NYT19980402.0453,e7,e8,AFTER,VAGUE,VAGUE
NYT19980402.0453,e7,e9,AFTER,AFTER,AFTER
NYT19980402.0453,e7,e10,AFTER,VAGUE,VAGUE
NYT19980402.0453,e7,e50,AFTER,AFTER,AFTER
NYT19980402.0453,e7,e12,VAGUE,AFTER,AFTER
NYT19980402.0453,e8,e9,AFTER,AFTER,AFTER
NYT19980402.0453,e8,e10,VAGUE,AFTER,AFTER
NYT19980402.0453,e8,e50,AFTER,AFTER,AFTER
NYT19980402.0453,e8,e12,VAGUE,AFTER,AFTER
NYT19980402.0453,e9,e10,BEFORE,VAGUE,VAGUE
NYT19980402.0453,e9,e50,AFTER,AFTER,AFTER
NYT19980402.0453,e9,e12,VAGUE,VAGUE,VAGUE
NYT19980402.0453,e10,e50,AFTER,AFTER,AFTER
NYT19980402.0453,e10,e12,VAGUE,AFTER,AFTER
NYT19980402.0453,e50,e12,BEFORE,BEFORE,BEFORE
NYT19980402.0453,e8,e13,AFTER,VAGUE,VAGUE
NYT19980402.0453,e9,e13,VAGUE,VAGUE,VAGUE
NYT19980402.0453,e10,e13,AFTER,VAGUE,VAGUE
NYT19980402.0453,e50,e13,BEFORE,BEFORE,BEFORE
NYT19980402.0453,e12,e13,VAGUE,VAGUE,VAGUE
NYT19980402.0453,e13,e2025,VAGUE,VAGUE,VAGUE
NYT19980402.0453,e13,e14,VAGUE,VAGUE,VAGUE
NYT19980402.0453,e13,e15,AFTER,AFTER,AFTER
NYT19980402.0453,e13,e17,AFTER,VAGUE,VAGUE
NYT19980402.0453,e2025,e14,SIMULTANEOUS,VAGUE,VAGUE
NYT19980402.0453,e2025,e15,AFTER,AFTER,AFTER
NYT19980402.0453,e2025,e17,AFTER,VAGUE,VAGUE
NYT19980402.0453,e2025,e59,AFTER,VAGUE,VAGUE
NYT19980402.0453,e2025,e2065,AFTER,VAGUE,VAGUE
NYT19980402.0453,e2025,e21,VAGUE,VAGUE,VAGUE
NYT19980402.0453,e14,e15,AFTER,AFTER,AFTER
NYT19980402.0453,e14,e17,AFTER,AFTER,AFTER
NYT19980402.0453,e15,e17,BEFORE,BEFORE,BEFORE
NYT19980402.0453,e14,e59,AFTER,AFTER,AFTER
NYT19980402.0453,e14,e2065,AFTER,VAGUE,VAGUE
NYT19980402.0453,e14,e21,VAGUE,VAGUE,VAGUE
NYT19980402.0453,e15,e59,VAGUE,BEFORE,BEFORE
NYT19980402.0453,e15,e2065,VAGUE,BEFORE,BEFORE
NYT19980402.0453,e15,e21,BEFORE,BEFORE,BEFORE
NYT19980402.0453,e17,e59,VAGUE,VAGUE,VAGUE
NYT19980402.0453,e17,e2065,VAGUE,VAGUE,VAGUE
NYT19980402.0453,e17,e21,BEFORE,BEFORE,BEFORE
NYT19980402.0453,e59,e2065,SIMULTANEOUS,VAGUE,VAGUE
NYT19980402.0453,e59,e21,BEFORE,BEFORE,BEFORE
NYT19980402.0453,e2065,e21,BEFORE,VAGUE,VAGUE
NYT19980402.0453,e59,e2072,VAGUE,AFTER,AFTER
NYT19980402.0453,e59,e2093,VAGUE,VAGUE,VAGUE
NYT19980402.0453,e59,e22,BEFORE,VAGUE,VAGUE
NYT19980402.0453,e2065,e2072,VAGUE,AFTER,AFTER
NYT19980402.0453,e2065,e2093,VAGUE,VAGUE,VAGUE
NYT19980402.0453,e2065,e22,BEFORE,VAGUE,VAGUE
NYT19980402.0453,e21,e2072,AFTER,AFTER,AFTER
NYT19980402.0453,e21,e2093,IS_INCLUDED,VAGUE,VAGUE
NYT19980402.0453,e21,e22,VAGUE,VAGUE,VAGUE
NYT19980402.0453,e2072,e2093,BEFORE,BEFORE,BEFORE
NYT19980402.0453,e2072,e22,BEFORE,BEFORE,BEFORE
NYT19980402.0453,e2093,e22,INCLUDES,VAGUE,VAGUE
NYT19980402.0453,e2072,e23,INCLUDES,BEFORE,BEFORE
NYT19980402.0453,e2072,e24,INCLUDES,BEFORE,BEFORE
NYT19980402.0453,e2072,e25,INCLUDES,BEFORE,BEFORE
NYT19980402.0453,e2072,e26,INCLUDES,BEFORE,BEFORE
NYT19980402.0453,e2072,e27,BEFORE,BEFORE,BEFORE
NYT19980402.0453,e2072,e29,VAGUE,BEFORE,BEFORE
NYT19980402.0453,e2072,e30,VAGUE,BEFORE,BEFORE
NYT19980402.0453,e2072,e31,VAGUE,VAGUE,VAGUE
NYT19980402.0453,e2093,e23,AFTER,AFTER,AFTER
NYT19980402.0453,e2093,e24,AFTER,AFTER,AFTER
NYT19980402.0453,e2093,e25,AFTER,AFTER,AFTER
NYT19980402.0453,e2093,e26,AFTER,VAGUE,VAGUE
NYT19980402.0453,e2093,e27,INCLUDES,VAGUE,VAGUE
NYT19980402.0453,e2093,e29,VAGUE,VAGUE,VAGUE
NYT19980402.0453,e2093,e30,VAGUE,VAGUE,VAGUE
NYT19980402.0453,e2093,e31,VAGUE,VAGUE,VAGUE
NYT19980402.0453,e22,e23,AFTER,AFTER,AFTER
NYT19980402.0453,e22,e24,AFTER,AFTER,AFTER
NYT19980402.0453,e22,e25,AFTER,AFTER,AFTER
NYT19980402.0453,e22,e26,AFTER,AFTER,AFTER
NYT19980402.0453,e22,e27,VAGUE,VAGUE,VAGUE
NYT19980402.0453,e22,e29,VAGUE,VAGUE,VAGUE
NYT19980402.0453,e22,e30,VAGUE,VAGUE,VAGUE
NYT19980402.0453,e22,e31,VAGUE,IS_INCLUDED,IS_INCLUDED
NYT19980402.0453,e23,e24,VAGUE,BEFORE,BEFORE
NYT19980402.0453,e23,e25,VAGUE,BEFORE,BEFORE
NYT19980402.0453,e23,e26,VAGUE,BEFORE,BEFORE
NYT19980402.0453,e23,e27,BEFORE,BEFORE,BEFORE
NYT19980402.0453,e23,e29,VAGUE,BEFORE,BEFORE
NYT19980402.0453,e23,e30,VAGUE,BEFORE,BEFORE
NYT19980402.0453,e23,e31,VAGUE,VAGUE,VAGUE
NYT19980402.0453,e24,e25,VAGUE,BEFORE,BEFORE
NYT19980402.0453,e24,e26,VAGUE,BEFORE,BEFORE
NYT19980402.0453,e24,e27,BEFORE,BEFORE,BEFORE
NYT19980402.0453,e24,e29,VAGUE,BEFORE,BEFORE
NYT19980402.0453,e24,e30,VAGUE,VAGUE,VAGUE
NYT19980402.0453,e24,e31,VAGUE,VAGUE,VAGUE
NYT19980402.0453,e25,e26,VAGUE,BEFORE,BEFORE
NYT19980402.0453,e25,e27,BEFORE,BEFORE,BEFORE
NYT19980402.0453,e25,e29,VAGUE,VAGUE,VAGUE
NYT19980402.0453,e25,e30,VAGUE,VAGUE,VAGUE
NYT19980402.0453,e25,e31,VAGUE,VAGUE,VAGUE
NYT19980402.0453,e26,e27,BEFORE,BEFORE,BEFORE
NYT19980402.0453,e26,e29,VAGUE,VAGUE,VAGUE
NYT19980402.0453,e26,e30,VAGUE,VAGUE,VAGUE
NYT19980402.0453,e26,e31,VAGUE,VAGUE,VAGUE
NYT19980402.0453,e27,e29,VAGUE,VAGUE,VAGUE
NYT19980402.0453,e27,e30,VAGUE,IS_INCLUDED,IS_INCLUDED
NYT19980402.0453,e27,e31,IS_INCLUDED,IS_INCLUDED,IS_INCLUDED
NYT19980402.0453,e29,e30,VAGUE,VAGUE,VAGUE
NYT19980402.0453,e29,e31,IS_INCLUDED,VAGUE,VAGUE
NYT19980402.0453,e30,e31,VAGUE,VAGUE,VAGUE
NYT19980402.0453,e23,e66,BEFORE,VAGUE,VAGUE
NYT19980402.0453,e23,e33,BEFORE,VAGUE,VAGUE
NYT19980402.0453,e23,e2164,BEFORE,BEFORE,BEFORE
NYT19980402.0453,e23,e34,BEFORE,BEFORE,BEFORE
NYT19980402.0453,e23,e35,BEFORE,BEFORE,BEFORE
NYT19980402.0453,e24,e66,BEFORE,VAGUE,VAGUE
NYT19980402.0453,e24,e33,BEFORE,VAGUE,VAGUE
NYT19980402.0453,e24,e2164,BEFORE,BEFORE,BEFORE
NYT19980402.0453,e24,e34,BEFORE,BEFORE,BEFORE
NYT19980402.0453,e24,e35,BEFORE,BEFORE,BEFORE
NYT19980402.0453,e25,e66,BEFORE,VAGUE,VAGUE
NYT19980402.0453,e25,e33,BEFORE,VAGUE,VAGUE
NYT19980402.0453,e25,e2164,BEFORE,VAGUE,VAGUE
NYT19980402.0453,e25,e34,BEFORE,VAGUE,VAGUE
NYT19980402.0453,e25,e35,BEFORE,VAGUE,VAGUE
NYT19980402.0453,e26,e66,BEFORE,VAGUE,VAGUE
NYT19980402.0453,e26,e33,BEFORE,VAGUE,VAGUE
NYT19980402.0453,e26,e2164,BEFORE,VAGUE,VAGUE
NYT19980402.0453,e26,e34,BEFORE,VAGUE,VAGUE
NYT19980402.0453,e26,e35,BEFORE,VAGUE,VAGUE
NYT19980402.0453,e27,e66,IS_INCLUDED,IS_INCLUDED,IS_INCLUDED
NYT19980402.0453,e27,e33,IS_INCLUDED,VAGUE,VAGUE
NYT19980402.0453,e27,e2164,VAGUE,VAGUE,VAGUE
NYT19980402.0453,e27,e34,VAGUE,VAGUE,VAGUE
NYT19980402.0453,e27,e35,VAGUE,VAGUE,VAGUE
NYT19980402.0453,e29,e66,VAGUE,VAGUE,VAGUE
NYT19980402.0453,e29,e33,VAGUE,VAGUE,VAGUE
NYT19980402.0453,e29,e2164,VAGUE,VAGUE,VAGUE
NYT19980402.0453,e29,e34,VAGUE,VAGUE,VAGUE
NYT19980402.0453,e29,e35,VAGUE,VAGUE,VAGUE
NYT19980402.0453,e30,e66,VAGUE,VAGUE,VAGUE
NYT19980402.0453,e30,e33,VAGUE,VAGUE,VAGUE
NYT19980402.0453,e30,e2164,VAGUE,VAGUE,VAGUE
NYT19980402.0453,e30,e34,VAGUE,VAGUE,VAGUE
NYT19980402.0453,e30,e35,VAGUE,VAGUE,VAGUE
NYT19980402.0453,e31,e66,INCLUDES,VAGUE,VAGUE
NYT19980402.0453,e31,e33,INCLUDES,VAGUE,VAGUE
NYT19980402.0453,e31,e2164,INCLUDES,VAGUE,VAGUE
NYT19980402.0453,e31,e34,INCLUDES,VAGUE,VAGUE
NYT19980402.0453,e31,e35,INCLUDES,VAGUE,VAGUE
NYT19980402.0453,e66,e33,VAGUE,VAGUE,VAGUE
NYT19980402.0453,e66,e2164,VAGUE,VAGUE,VAGUE
NYT19980402.0453,e66,e34,VAGUE,VAGUE,VAGUE
NYT19980402.0453,e66,e35,VAGUE,VAGUE,VAGUE
NYT19980402.0453,e33,e2164,VAGUE,VAGUE,VAGUE
NYT19980402.0453,e33,e34,VAGUE,VAGUE,VAGUE
NYT19980402.0453,e33,e35,VAGUE,VAGUE,VAGUE
NYT19980402.0453,e2164,e34,VAGUE,VAGUE,VAGUE
NYT19980402.0453,e2164,e35,VAGUE,VAGUE,VAGUE
NYT19980402.0453,e34,e35,VAGUE,VAGUE,VAGUE
NYT19980402.0453,e66,e36,VAGUE,VAGUE,VAGUE
NYT19980402.0453,e66,e65,AFTER,VAGUE,VAGUE
NYT19980402.0453,e33,e36,AFTER,VAGUE,VAGUE
NYT19980402.0453,e33,e65,AFTER,AFTER,AFTER
NYT19980402.0453,e2164,e36,AFTER,VAGUE,VAGUE
NYT19980402.0453,e2164,e65,AFTER,AFTER,AFTER
NYT19980402.0453,e34,e36,AFTER,VAGUE,VAGUE
NYT19980402.0453,e34,e65,AFTER,AFTER,AFTER
NYT19980402.0453,e35,e36,AFTER,VAGUE,VAGUE
NYT19980402.0453,e35,e65,AFTER,AFTER,AFTER
NYT19980402.0453,e36,e65,AFTER,AFTER,AFTER
NYT19980402.0453,e36,e38,VAGUE,VAGUE,VAGUE
NYT19980402.0453,e36,e40,BEFORE,VAGUE,VAGUE
NYT19980402.0453,e36,e41,BEFORE,VAGUE,VAGUE
NYT19980402.0453,e65,e38,VAGUE,BEFORE,BEFORE
NYT19980402.0453,e65,e40,BEFORE,BEFORE,BEFORE
NYT19980402.0453,e65,e41,BEFORE,BEFORE,BEFORE
NYT19980402.0453,e38,e40,BEFORE,VAGUE,VAGUE
NYT19980402.0453,e38,e41,VAGUE,VAGUE,VAGUE
NYT19980402.0453,e40,e41,AFTER,AFTER,AFTER
NYT19980402.0453,e38,e60,VAGUE,VAGUE,VAGUE
NYT19980402.0453,e38,e42,BEFORE,VAGUE,VAGUE
NYT19980402.0453,e40,e60,VAGUE,AFTER,AFTER
NYT19980402.0453,e40,e42,VAGUE,VAGUE,VAGUE
NYT19980402.0453,e41,e60,VAGUE,AFTER,AFTER
NYT19980402.0453,e41,e42,BEFORE,BEFORE,BEFORE
NYT19980402.0453,e60,e42,VAGUE,BEFORE,BEFORE
PRI19980115.2000.0186,e1,e3,VAGUE,VAGUE,VAGUE
PRI19980115.2000.0186,e1,e1998,AFTER,VAGUE,VAGUE
PRI19980115.2000.0186,e1,e2000,AFTER,AFTER,AFTER
PRI19980115.2000.0186,e3,e1998,AFTER,AFTER,AFTER
PRI19980115.2000.0186,e3,e2000,AFTER,AFTER,AFTER
PRI19980115.2000.0186,e1998,e2000,AFTER,AFTER,AFTER
PRI19980115.2000.0186,e5,e7,AFTER,AFTER,AFTER
PRI19980115.2000.0186,e5,e8,AFTER,AFTER,AFTER
PRI19980115.2000.0186,e5,e9,AFTER,AFTER,AFTER
PRI19980115.2000.0186,e5,e10,AFTER,AFTER,AFTER
PRI19980115.2000.0186,e7,e8,IS_INCLUDED,BEFORE,BEFORE
PRI19980115.2000.0186,e7,e9,VAGUE,SIMULTANEOUS,SIMULTANEOUS
PRI19980115.2000.0186,e7,e10,VAGUE,SIMULTANEOUS,SIMULTANEOUS
PRI19980115.2000.0186,e8,e9,VAGUE,AFTER,AFTER
PRI19980115.2000.0186,e8,e10,VAGUE,AFTER,AFTER
PRI19980115.2000.0186,e9,e10,SIMULTANEOUS,SIMULTANEOUS,SIMULTANEOUS
PRI19980115.2000.0186,e5,e11,AFTER,AFTER,AFTER
PRI19980115.2000.0186,e5,e13,AFTER,AFTER,AFTER
PRI19980115.2000.0186,e7,e11,VAGUE,BEFORE,BEFORE
PRI19980115.2000.0186,e7,e13,VAGUE,BEFORE,BEFORE
PRI19980115.2000.0186,e8,e11,VAGUE,VAGUE,VAGUE
PRI19980115.2000.0186,e8,e13,VAGUE,VAGUE,VAGUE
PRI19980115.2000.0186,e9,e11,BEFORE,BEFORE,BEFORE
PRI19980115.2000.0186,e9,e13,BEFORE,BEFORE,BEFORE
PRI19980115.2000.0186,e10,e11,BEFORE,BEFORE,BEFORE
PRI19980115.2000.0186,e10,e13,BEFORE,BEFORE,BEFORE
PRI19980115.2000.0186,e11,e13,SIMULTANEOUS,VAGUE,VAGUE
PRI19980115.2000.0186,e11,e2003,BEFORE,VAGUE,VAGUE
PRI19980115.2000.0186,e11,e14,BEFORE,BEFORE,BEFORE
PRI19980115.2000.0186,e13,e2003,BEFORE,VAGUE,VAGUE
PRI19980115.2000.0186,e13,e14,BEFORE,BEFORE,BEFORE
PRI19980115.2000.0186,e2003,e14,BEFORE,VAGUE,VAGUE
PRI19980115.2000.0186,e2003,e15,BEFORE,BEFORE,BEFORE
PRI19980115.2000.0186,e2003,e2004,BEFORE,BEFORE,BEFORE
PRI19980115.2000.0186,e2003,e2008,BEFORE,BEFORE,BEFORE
PRI19980115.2000.0186,e14,e15,BEFORE,BEFORE,BEFORE
PRI19980115.2000.0186,e14,e2004,BEFORE,BEFORE,BEFORE
PRI19980115.2000.0186,e14,e2008,BEFORE,BEFORE,BEFORE
PRI19980115.2000.0186,e15,e2004,BEFORE,VAGUE,VAGUE
PRI19980115.2000.0186,e15,e2008,BEFORE,BEFORE,BEFORE
PRI19980115.2000.0186,e2004,e2008,VAGUE,VAGUE,VAGUE
PRI19980115.2000.0186,e15,e17,BEFORE,BEFORE,BEFORE
PRI19980115.2000.0186,e15,e2007,AFTER,VAGUE,VAGUE
PRI19980115.2000.0186,e15,e18,VAGUE,VAGUE,VAGUE
PRI19980115.2000.0186,e15,e19,AFTER,AFTER,AFTER
PRI19980115.2000.0186,e15,e20,AFTER,AFTER,AFTER
PRI19980115.2000.0186,e2004,e17,VAGUE,VAGUE,VAGUE
PRI19980115.2000.0186,e2004,e2007,AFTER,AFTER,AFTER
PRI19980115.2000.0186,e2004,e18,VAGUE,VAGUE,VAGUE
PRI19980115.2000.0186,e2004,e19,AFTER,AFTER,AFTER
PRI19980115.2000.0186,e2004,e20,AFTER,AFTER,AFTER
PRI19980115.2000.0186,e2008,e17,VAGUE,VAGUE,VAGUE
PRI19980115.2000.0186,e2008,e2007,AFTER,VAGUE,VAGUE
PRI19980115.2000.0186,e2008,e18,VAGUE,VAGUE,VAGUE
PRI19980115.2000.0186,e2008,e19,AFTER,AFTER,AFTER
PRI19980115.2000.0186,e2008,e20,AFTER,AFTER,AFTER
PRI19980115.2000.0186,e17,e2007,AFTER,AFTER,AFTER
PRI19980115.2000.0186,e17,e18,VAGUE,AFTER,AFTER
PRI19980115.2000.0186,e17,e19,AFTER,AFTER,AFTER
PRI19980115.2000.0186,e17,e20,AFTER,AFTER,AFTER
PRI19980115.2000.0186,e2007,e18,VAGUE,VAGUE,VAGUE
PRI19980115.2000.0186,e2007,e19,INCLUDES,AFTER,AFTER
PRI19980115.2000.0186,e2007,e20,VAGUE,VAGUE,VAGUE
PRI19980115.2000.0186,e18,e19,VAGUE,AFTER,AFTER
PRI19980115.2000.0186,e18,e20,AFTER,AFTER,AFTER
PRI19980115.2000.0186,e19,e20,AFTER,VAGUE,VAGUE
PRI19980115.2000.0186,e17,e22,VAGUE,VAGUE,VAGUE
PRI19980115.2000.0186,e17,e23,VAGUE,BEFORE,BEFORE
PRI19980115.2000.0186,e17,e2039,SIMULTANEOUS,VAGUE,VAGUE
PRI19980115.2000.0186,e17,e24,BEFORE,BEFORE,BEFORE
PRI19980115.2000.0186,e17,e2010,BEFORE,BEFORE,BEFORE
PRI19980115.2000.0186,e17,e2011,BEFORE,BEFORE,BEFORE
PRI19980115.2000.0186,e2007,e22,BEFORE,BEFORE,BEFORE
PRI19980115.2000.0186,e2007,e23,BEFORE,BEFORE,BEFORE
PRI19980115.2000.0186,e2007,e2039,BEFORE,BEFORE,BEFORE
PRI19980115.2000.0186,e2007,e24,BEFORE,BEFORE,BEFORE
PRI19980115.2000.0186,e2007,e2010,BEFORE,BEFORE,BEFORE
PRI19980115.2000.0186,e2007,e2011,BEFORE,BEFORE,BEFORE
PRI19980115.2000.0186,e18,e22,VAGUE,VAGUE,VAGUE
PRI19980115.2000.0186,e18,e23,VAGUE,BEFORE,BEFORE
PRI19980115.2000.0186,e18,e2039,VAGUE,VAGUE,VAGUE
PRI19980115.2000.0186,e18,e24,VAGUE,BEFORE,BEFORE
PRI19980115.2000.0186,e18,e2010,VAGUE,BEFORE,BEFORE
PRI19980115.2000.0186,e18,e2011,VAGUE,BEFORE,BEFORE
PRI19980115.2000.0186,e19,e22,BEFORE,VAGUE,VAGUE
PRI19980115.2000.0186,e19,e23,BEFORE,BEFORE,BEFORE
PRI19980115.2000.0186,e19,e2039,BEFORE,BEFORE,BEFORE
PRI19980115.2000.0186,e19,e24,BEFORE,BEFORE,BEFORE
PRI19980115.2000.0186,e19,e2010,BEFORE,BEFORE,BEFORE
PRI19980115.2000.0186,e19,e2011,BEFORE,BEFORE,BEFORE
PRI19980115.2000.0186,e20,e22,BEFORE,VAGUE,VAGUE
PRI19980115.2000.0186,e20,e23,BEFORE,BEFORE,BEFORE
PRI19980115.2000.0186,e20,e2039,BEFORE,BEFORE,BEFORE
PRI19980115.2000.0186,e20,e24,BEFORE,BEFORE,BEFORE
PRI19980115.2000.0186,e20,e2010,BEFORE,BEFORE,BEFORE
PRI19980115.2000.0186,e20,e2011,BEFORE,BEFORE,BEFORE
PRI19980115.2000.0186,e22,e23,VAGUE,BEFORE,BEFORE
PRI19980115.2000.0186,e22,e2039,VAGUE,VAGUE,VAGUE
PRI19980115.2000.0186,e22,e24,VAGUE,BEFORE,BEFORE
PRI19980115.2000.0186,e22,e2010,VAGUE,BEFORE,BEFORE
PRI19980115.2000.0186,e22,e2011,VAGUE,BEFORE,BEFORE
PRI19980115.2000.0186,e23,e2039,VAGUE,VAGUE,VAGUE
PRI19980115.2000.0186,e23,e24,VAGUE,BEFORE,BEFORE
PRI19980115.2000.0186,e23,e2010,VAGUE,BEFORE,BEFORE
PRI19980115.2000.0186,e23,e2011,VAGUE,BEFORE,BEFORE
PRI19980115.2000.0186,e2039,e24,BEFORE,BEFORE,BEFORE
PRI19980115.2000.0186,e2039,e2010,BEFORE,BEFORE,BEFORE
PRI19980115.2000.0186,e2039,e2011,BEFORE,BEFORE,BEFORE
PRI19980115.2000.0186,e24,e2010,BEFORE,BEFORE,BEFORE
PRI19980115.2000.0186,e24,e2011,BEFORE,BEFORE,BEFORE
PRI19980115.2000.0186,e2010,e2011,VAGUE,BEFORE,BEFORE
PRI19980306.2000.1675,e20,e21,IS_INCLUDED,IS_INCLUDED,IS_INCLUDED
PRI19980306.2000.1675,e21,e22,INCLUDES,VAGUE,VAGUE
PRI19980306.2000.1675,e22,e3,AFTER,AFTER,AFTER
PRI19980306.2000.1675,e22,e5,VAGUE,AFTER,AFTER
PRI19980306.2000.1675,e3,e5,VAGUE,VAGUE,VAGUE
PRI19980306.2000.1675,e3,e24,IS_INCLUDED,VAGUE,VAGUE
PRI19980306.2000.1675,e3,e6,VAGUE,BEFORE,BEFORE
PRI19980306.2000.1675,e3,e7,IS_INCLUDED,BEFORE,BEFORE
PRI19980306.2000.1675,e3,e8,BEFORE,BEFORE,BEFORE
PRI19980306.2000.1675,e3,e25,VAGUE,BEFORE,BEFORE
PRI19980306.2000.1675,e5,e24,VAGUE,BEFORE,BEFORE
PRI19980306.2000.1675,e5,e6,VAGUE,BEFORE,BEFORE
PRI19980306.2000.1675,e5,e7,VAGUE,BEFORE,BEFORE
PRI19980306.2000.1675,e5,e8,INCLUDES,BEFORE,BEFORE
PRI19980306.2000.1675,e5,e25,VAGUE,BEFORE,BEFORE
PRI19980306.2000.1675,e24,e6,VAGUE,BEFORE,BEFORE
PRI19980306.2000.1675,e24,e7,VAGUE,VAGUE,VAGUE
PRI19980306.2000.1675,e24,e8,VAGUE,BEFORE,BEFORE
PRI19980306.2000.1675,e24,e25,VAGUE,BEFORE,BEFORE
PRI19980306.2000.1675,e6,e7,VAGUE,VAGUE,VAGUE
PRI19980306.2000.1675,e6,e8,VAGUE,BEFORE,BEFORE
PRI19980306.2000.1675,e6,e25,VAGUE,BEFORE,BEFORE
PRI19980306.2000.1675,e7,e8,VAGUE,BEFORE,BEFORE
PRI19980306.2000.1675,e7,e25,VAGUE,BEFORE,BEFORE
PRI19980306.2000.1675,e8,e25,IS_INCLUDED,VAGUE,VAGUE
PRI19980306.2000.1675,e24,e10,VAGUE,VAGUE,VAGUE
PRI19980306.2000.1675,e24,e30,VAGUE,VAGUE,VAGUE
PRI19980306.2000.1675,e24,e11,BEFORE,VAGUE,VAGUE
PRI19980306.2000.1675,e24,e27,VAGUE,VAGUE,VAGUE
PRI19980306.2000.1675,e24,e13,VAGUE,VAGUE,VAGUE
PRI19980306.2000.1675,e24,e14,AFTER,VAGUE,VAGUE
PRI19980306.2000.1675,e6,e10,VAGUE,VAGUE,VAGUE
PRI19980306.2000.1675,e6,e30,VAGUE,VAGUE,VAGUE
PRI19980306.2000.1675,e6,e11,VAGUE,VAGUE,VAGUE
PRI19980306.2000.1675,e6,e27,VAGUE,AFTER,AFTER
PRI19980306.2000.1675,e6,e13,VAGUE,VAGUE,VAGUE
PRI19980306.2000.1675,e6,e14,VAGUE,AFTER,AFTER
PRI19980306.2000.1675,e7,e10,VAGUE,VAGUE,VAGUE
PRI19980306.2000.1675,e7,e30,VAGUE,VAGUE,VAGUE
PRI19980306.2000.1675,e7,e11,BEFORE,VAGUE,VAGUE
PRI19980306.2000.1675,e7,e27,VAGUE,VAGUE,VAGUE
PRI19980306.2000.1675,e7,e13,VAGUE,VAGUE,VAGUE
PRI19980306.2000.1675,e7,e14,AFTER,AFTER,AFTER
PRI19980306.2000.1675,e8,e10,VAGUE,AFTER,AFTER
PRI19980306.2000.1675,e8,e30,IS_INCLUDED,AFTER,AFTER
PRI19980306.2000.1675,e8,e11,VAGUE,VAGUE,VAGUE
PRI19980306.2000.1675,e8,e27,IS_INCLUDED,AFTER,AFTER
PRI19980306.2000.1675,e8,e13,VAGUE,AFTER,AFTER
PRI19980306.2000.1675,e8,e14,AFTER,AFTER,AFTER
PRI19980306.2000.1675,e25,e10,VAGUE,AFTER,AFTER
PRI19980306.2000.1675,e25,e30,SIMULTANEOUS,AFTER,AFTER
PRI19980306.2000.1675,e25,e11,BEFORE,VAGUE,VAGUE
PRI19980306.2000.1675,e25,e27,SIMULTANEOUS,AFTER,AFTER
PRI19980306.2000.1675,e25,e13,VAGUE,AFTER,AFTER
PRI19980306.2000.1675,e25,e14,AFTER,AFTER,AFTER
PRI19980306.2000.1675,e10,e30,VAGUE,AFTER,AFTER
PRI19980306.2000.1675,e10,e11,BEFORE,VAGUE,VAGUE
PRI19980306.2000.1675,e10,e27,VAGUE,AFTER,AFTER
PRI19980306.2000.1675,e10,e13,VAGUE,AFTER,AFTER
PRI19980306.2000.1675,e10,e14,AFTER,AFTER,AFTER
PRI19980306.2000.1675,e30,e11,BEFORE,VAGUE,VAGUE
PRI19980306.2000.1675,e30,e27,SIMULTANEOUS,VAGUE,VAGUE
PRI19980306.2000.1675,e30,e13,VAGUE,VAGUE,VAGUE
PRI19980306.2000.1675,e30,e14,AFTER,VAGUE,VAGUE
PRI19980306.2000.1675,e11,e27,AFTER,AFTER,AFTER
PRI19980306.2000.1675,e11,e13,VAGUE,AFTER,AFTER
PRI19980306.2000.1675,e11,e14,AFTER,AFTER,AFTER
PRI19980306.2000.1675,e27,e13,VAGUE,VAGUE,VAGUE
PRI19980306.2000.1675,e27,e14,AFTER,INCLUDES,INCLUDES
PRI19980306.2000.1675,e13,e14,AFTER,VAGUE,VAGUE
PRI19980306.2000.1675,e10,e32,IS_INCLUDED,VAGUE,VAGUE
PRI19980306.2000.1675,e10,e35,IS_INCLUDED,VAGUE,VAGUE
PRI19980306.2000.1675,e10,e16,IS_INCLUDED,VAGUE,VAGUE
PRI19980306.2000.1675,e10,e36,IS_INCLUDED,VAGUE,VAGUE
PRI19980306.2000.1675,e10,e37,IS_INCLUDED,VAGUE,VAGUE
PRI19980306.2000.1675,e30,e32,VAGUE,VAGUE,VAGUE
PRI19980306.2000.1675,e30,e35,VAGUE,VAGUE,VAGUE
PRI19980306.2000.1675,e30,e16,VAGUE,VAGUE,VAGUE
PRI19980306.2000.1675,e30,e36,IS_INCLUDED,VAGUE,VAGUE
PRI19980306.2000.1675,e30,e37,IS_INCLUDED,VAGUE,VAGUE
PRI19980306.2000.1675,e11,e32,VAGUE,VAGUE,VAGUE
PRI19980306.2000.1675,e11,e35,VAGUE,VAGUE,VAGUE
PRI19980306.2000.1675,e11,e16,VAGUE,VAGUE,VAGUE
PRI19980306.2000.1675,e11,e36,VAGUE,VAGUE,VAGUE
PRI19980306.2000.1675,e11,e37,VAGUE,VAGUE,VAGUE
PRI19980306.2000.1675,e27,e32,VAGUE,BEFORE,BEFORE
PRI19980306.2000.1675,e27,e35,VAGUE,BEFORE,BEFORE
PRI19980306.2000.1675,e27,e16,VAGUE,VAGUE,VAGUE
PRI19980306.2000.1675,e27,e36,IS_INCLUDED,BEFORE,BEFORE
PRI19980306.2000.1675,e27,e37,IS_INCLUDED,BEFORE,BEFORE
PRI19980306.2000.1675,e13,e32,VAGUE,VAGUE,VAGUE
PRI19980306.2000.1675,e13,e35,VAGUE,VAGUE,VAGUE
PRI19980306.2000.1675,e13,e16,VAGUE,VAGUE,VAGUE
PRI19980306.2000.1675,e13,e36,VAGUE,VAGUE,VAGUE
PRI19980306.2000.1675,e13,e37,VAGUE,VAGUE,VAGUE
PRI19980306.2000.1675,e14,e32,VAGUE,VAGUE,VAGUE
PRI19980306.2000.1675,e14,e35,BEFORE,VAGUE,VAGUE
PRI19980306.2000.1675,e14,e16,BEFORE,VAGUE,VAGUE
PRI19980306.2000.1675,e14,e36,VAGUE,BEFORE,BEFORE
PRI19980306.2000.1675,e14,e37,VAGUE,BEFORE,BEFORE
PRI19980306.2000.1675,e32,e35,VAGUE,VAGUE,VAGUE
PRI19980306.2000.1675,e32,e16,VAGUE,VAGUE,VAGUE
PRI19980306.2000.1675,e32,e36,VAGUE,VAGUE,VAGUE
PRI19980306.2000.1675,e32,e37,VAGUE,VAGUE,VAGUE
PRI19980306.2000.1675,e35,e16,INCLUDES,VAGUE,VAGUE
PRI19980306.2000.1675,e35,e36,VAGUE,VAGUE,VAGUE
PRI19980306.2000.1675,e35,e37,VAGUE,IS_INCLUDED,IS_INCLUDED
PRI19980306.2000.1675,e16,e36,VAGUE,VAGUE,VAGUE
PRI19980306.2000.1675,e16,e37,IS_INCLUDED,IS_INCLUDED,IS_INCLUDED
PRI19980306.2000.1675,e36,e37,IS_INCLUDED,IS_INCLUDED,IS_INCLUDED
