doc_id,pair_count
NYT19990312.0271,311
WSJ910225-0066,245
AP900815-0044,239
APW19990122.0193,222
NYT20000224.0173,208
NYT19981025.0216,199
NYT20000601.0442,195
APW20000128.0316,181
NYT19990505.0443,180
APW19990607.0041,165
APW20000210.0328,162
NYT19981026.0446,161
APW20000417.0031,141
NYT19981121.0173,138
APW19980818.0515,133
WSJ900813-0157,130
APW19990506.0155,127
APW20000107.0318,121
wsj_1003,117
wsj_1014,117
wsj_0586,115
AP900816-0139,114
SJMN91-06338157,114
NYT19990419.0515,107
APW19980219.0476,105
NYT20000403.0463,105
wsj_0585,105
APW20000216.0272,104
APW19980306.1001,98
NYT19980206.0460,98
NYT20000105.0325,98
NYT20000330.0406,98
XIE19980821.0077,95
APW19980322.0749,86
NYT19980402.0453,85
APW19990312.0251,84
APW20000216.0193,84
wsj_0568,84
wsj_0810,83
APW19990507.0207,82
APW20000115.0031,81
APW20000124.0182,81
wsj_0778,81
APW19980227.0487,79
wsj_0781,78
APW20000403.0057,73
NYT19980212.0019,73
wsj_0575,72
APW19990206.0090,71
APW20000401.0150,71
APW20000405.0276,71
APW20000115.0209,70
NYT20000106.0007,68
APW19980301.0720,64
NYT19980907.0112,64
NYT19981025.0188,64
NYT20000414.0296,64
APW20000107.0088,63
wsj_0918,63
APW19980213.1310,62
APW19991024.0075,62
XIE19990313.0229,62
wsj_0610,61
wsj_1013,59
APW199980817.1193,58
NYT19981120.0362,55
VOA19980303.1600.2745,55
wsj_0768,55
APW19980501.0480,54
XIE19980812.0062,54
APW19980227.0494,53
APW19990410.0123,50
wsj_0938,49
wsj_0816,46
wsj_0927,45
wsj_0520,44
wsj_0542,43
wsj_0583,43
APW19980911.0475,42
wsj_0661,42
APW19980808.0022,41
APW19980826.0389,40
NYT19980424.0421,40
XIE19980814.0294,40
wsj_0786,40
wsj_0570,39
wsj_0675,39
wsj_0928,37
APW19980213.1380,36
wsj_0173,36
APW19991008.0265,35
PRI19980303.2000.2550,35
wsj_0973,35
APW20000106.0064,34
XIE19990313.0173,33
wsj_0584,33
wsj_0189,32
wsj_0736,31
APW19980227.0476,30
APW19981205.0374,30
APW19991008.0151,30
wsj_1011,29
APW19980820.1428,28
PRI19980115.2000.0186,28
VOA19980331.1700.1533,28
wsj_0471,28
wsj_0527,27
CNN19980213.2130.0155,26
CNN19980227.2130.0067,26
XIE19990313.0031,26
ea980120.1830.0071,26
wsj_0679,25
wsj_0950,25
ABC19980120.1830.0957,24
XIE19981203.0008,24
wsj_0533,24
wsj_0151,23
wsj_0745,23
wsj_1006,23
NYT20000424.0319,22
wsj_0027,22
wsj_0073,22
VOA19980303.1600.0917,21
XIE19980808.0031,21
wsj_0292,21
APW19980626.0364,20
APW19980930.0425,20
VOA19980305.1800.2603,20
wsj_0171,20
ABC19980114.1830.0611,19
wsj_0132,19
wsj_0981,19
APW19980213.1320,18
APW19980418.0210,18
XIE19990210.0079,18
wsj_0557,18
XIE19980808.0188,17
wsj_0187,17
wsj_0325,17
APW19980308.0201,16
NYT20000329.0359,16
XIE19980808.0049,16
wsj_0348,16
APW19980227.0489,15
wsj_0184,15
wsj_0674,15
wsj_0904,15
APW19980807.0261,14
PRI19980306.2000.1675,14
wsj_0150,14
ed980111.1130.0089,13
wsj_0026,13
wsj_0159,13
wsj_0344,13
wsj_1035,13
APW19980227.0468,12
PRI19980205.2000.1890,12
PRI19980213.2000.0313,12
PRI19980216.2000.0170,12
VOA19980501.1800.0355,12
XIE19980809.0010,12
wsj_0135,12
wsj_0158,12
wsj_0175,12
wsj_0176,12
wsj_0791,12
wsj_0798,12
ABC19980108.1830.0711,11
APW20000328.0257,11
XIE19980808.0060,11
wsj_0136,11
wsj_0167,11
wsj_0505,11
wsj_0667,11
wsj_0713,11
wsj_1008,11
APW19980811.0474,10
APW19980813.1117,10
wsj_0124,10
wsj_0172,10
wsj_0324,10
wsj_0329,10
wsj_1033,10
NYT20000113.0267,9
PRI19980121.2000.2591,9
wsj_0263,9
wsj_0558,9
wsj_0612,9
wsj_0706,9
ABC19980304.1830.1636,8
XIE19990227.0171,8
wsj_0152,8
wsj_0316,8
wsj_0346,8
wsj_0356,8
wsj_0376,8
wsj_0534,8
wsj_0906,8
wsj_1038,8
CNN19980222.1130.0084,7
wsj_0160,7
wsj_0266,7
wsj_0313,7
wsj_0670,7
wsj_0695,7
wsj_0751,7
wsj_0762,7
wsj_0806,7
wsj_0815,7
wsj_1025,7
ea980120.1830.0456,6
wsj_0144,6
wsj_0161,6
wsj_0168,6
wsj_0637,6
wsj_0709,6
wsj_1042,6
wsj_0032,5
wsj_0122,5
wsj_0165,5
wsj_0660,5
wsj_1039,5
APW19990216.0198,4
CNN19980126.1600.1104,4
CNN19980223.1130.0960,4
NYT19980206.0466,4
NYT20000406.0002,4
wsj_0068,4
wsj_0106,4
wsj_0321,4
wsj_0340,4
wsj_0541,4
wsj_0551,4
wsj_0685,4
wsj_0760,4
wsj_0907,4
wsj_0923,4
wsj_0924,4
wsj_1031,4
wsj_1040,4
APW19980809.0700,3
wsj_0169,3
wsj_0555,3
wsj_0752,3
wsj_0991,3
wsj_1073,3
APW19980810.0907,2
wsj_0332,2
wsj_0650,2
wsj_0805,2
wsj_0811,2
wsj_0006,1
wsj_0157,1
wsj_0662,1
