doc_id,e1_id,e2_id,ground_truth,baseline_pred,encoder_pred,logic_pred,logic_evidence
CNN_20130322_248,2,7,AFTER,AFTER,AFTER,BEFORE,N/A
CNN_20130322_314,9,10,AFTER,AFTER,BEFORE,BEFORE,N/A
CNN_20130322_314,10,12,BEFORE,BEFORE,AFTER,AFTER,N/A
WSJ_20130318_731,11,13,BEFORE,BEFORE,AFTER,AFTER,N/A
WSJ_20130318_731,13,14,AFTER,AFTER,BEFORE,BEFORE,N/A
WSJ_20130322_159,12,14,AFTER,AFTER,BEFORE,BEFORE,N/A
WSJ_20130322_159,37,38,AFTER,AFTER,BEFORE,BEFORE,N/A
bbc_20130322_1150,7,11,AFTER,AFTER,AFTER,BEFORE,N/A
bbc_20130322_332,17,18,AFTER,AFTER,BEFORE,BEFORE,N/A
bbc_20130322_332,29,30,BEFORE,BEFORE,AFTER,AFTER,N/A
bbc_20130322_721,13,16,AFTER,AFTER,BEFORE,BEFORE,N/A
nyt_20130321_women_senate,41,48,AFTER,AFTER,BEFORE,BEFORE,41--(BEFORE)-->47--(BEFORE)-->48
