doc,a,b,c,lhs_gt,lhs_pred,lhs_conf,rhs_gt,rhs_pred_t0,rhs_pred_t50,rhs_gt_prob_t0,rhs_gt_prob_t50,rhs_increase,rhs_gt_path,rhs_wrong_path,expected,expected_gt
PRI19980115.2000.0186,e2007,e23,e2039,BEFORE,BEFORE,0.6920396089553833,VAGUE,SIMULTANEOUS,VAGUE,0.42734718322753906,0.48387980461120605,0.05653262138366699,0.427|0.432|0.445|0.454|0.484,0.461|0.455|0.440|0.428|0.390,N/A,BEFORE
PRI19980115.2000.0186,e20,e23,e2039,BEFORE,BEFORE,0.6386133432388306,VAGUE,SIMULTANEOUS,VAGUE,0.42734718322753906,0.48387980461120605,0.05653262138366699,0.427|0.432|0.445|0.454|0.484,0.461|0.455|0.440|0.428|0.390,N/A,BEFORE
PRI19980115.2000.0186,e19,e23,e2039,BEFORE,BEFORE,0.5382286310195923,VAGUE,SIMULTANEOUS,VAGUE,0.42734718322753906,0.48387980461120605,0.05653262138366699,0.427|0.432|0.445|0.454|0.484,0.461|0.455|0.440|0.428|0.390,N/A,BEFORE
PRI19980115.2000.0186,e17,e23,e2039,VAGUE,VAGUE,0.4622005820274353,VAGUE,SIMULTANEOUS,VAGUE,0.42734718322753906,0.48387980461120605,0.05653262138366699,0.427|0.432|0.445|0.454|0.484,0.461|0.455|0.440|0.428|0.390,N/A,SIMULTANEOUS
APW19980227.0489,e5,e6,e15,INCLUDES,INCLUDES,0.69761061668396,AFTER,VAGUE,AFTER,0.37327638268470764,0.4215874969959259,0.04831111431121826,0.373|0.384|0.398|0.405|0.422,0.447|0.440|0.430|0.424|0.414,N/A,AFTER
PRI19980115.2000.0186,e20,e22,e23,BEFORE,BEFORE,0.6274163722991943,VAGUE,BEFORE,VAGUE,0.4672395586967468,0.5048040151596069,0.03756445646286011,0.467|0.471|0.479|0.486|0.505,0.474|0.470|0.460|0.453|0.432,N/A,BEFORE
PRI19980115.2000.0186,e2007,e22,e23,BEFORE,BEFORE,0.6270239353179932,VAGUE,BEFORE,VAGUE,0.4672395586967468,0.5048040151596069,0.03756445646286011,0.467|0.471|0.479|0.486|0.505,0.474|0.470|0.460|0.453|0.432,N/A,BEFORE
PRI19980115.2000.0186,e19,e22,e23,BEFORE,BEFORE,0.6032556295394897,VAGUE,BEFORE,VAGUE,0.4672395586967468,0.5048040151596069,0.03756445646286011,0.467|0.471|0.479|0.486|0.505,0.474|0.470|0.460|0.453|0.432,N/A,BEFORE
PRI19980115.2000.0186,e17,e22,e23,VAGUE,VAGUE,0.44291678071022034,VAGUE,BEFORE,VAGUE,0.4672395586967468,0.5048040151596069,0.03756445646286011,0.467|0.471|0.479|0.486|0.505,0.474|0.470|0.460|0.453|0.432,N/A,VAGUE
